Date,Time,SWR,RSSI,A1,A2,A3,A4,GPS Date,GPS Time,Long,Lat,Course,GPS Speed(kts),GPS Alt,Baro Alt(m),Vertical Speed,Air Speed(kts),Temp1,Temp2,RPM,Fuel,Cell volts,Cell 1,Cell 2,Cell 3,Cell 4,Cell 5,Cell 6,Cell 7,Cell 8,Cell 9,Cell 10,Cell 11,Cell 12,Current,Consumption,Vfas,AccelX,AccelY,AccelZ,Rud,Ele,Thr,Ail,S1,S2,S3,LS,RS,SA,SB,SC,SD,SE,SF,SG,SH
2015-05-24,17:17:31.010,-,0,0.00,0.00,0.00,0.00,2000-00-00,00:00:00,1006.9533-,4401.7455-,000.00,200, 0.00, 340.00, 0.00,100.0,-30,0,12000,75,0.0,4.10,4.20,4.30,4.40,4.50,4.60,0.00,0.00,0.00,0.00,0.00,0.00,5.5,0,10.0,0,100,0,0,0,0,0,0,0,0,0,0,-1,-1,-1,-1,-1,-1,-1,-1
2015-05-24,17:17:31.210,-,0,0.00,0.00,0.00,0.00,2000-00-00,00:00:00,1006.9533-,4401.7455-,000.00,200, 0.00, 340.00, 0.00,100.0,-30,0,12000,75,0.0,4.10,4.20,4.30,4.40,4.50,4.60,0.00,0.00,0.00,0.00,0.00,0.00,5.5,0,10.0,0,100,0,0,0,0,0,0,0,0,0,0,-1,-1,-1,-1,-1,-1,-1,-1
2015-05-24,17:17:31.400,-,0,0.00,0.00,0.00,0.00,2000-00-00,00:00:00,1006.9533-,4401.7455-,000.00,200, 0.00, 340.00, 0.00,100.0,-30,0,12000,75,0.0,4.10,4.20,4.30,4.40,4.50,4.60,0.00,0.00,0.00,0.00,0.00,0.00,5.5,0,10.0,0,100,0,0,0,0,0,0,0,0,0,0,-1,-1,-1,-1,-1,-1,-1,-1
2015-05-24,17:17:31.610,-,0,0.00,0.00,0.00,0.00,2000-00-00,00:00:00,1006.9533-,4401.7455-,000.00,200, 0.00, 340.00, 0.00,100.0,-30,0,12000,75,0.0,4.10,4.20,4.30,4.40,4.50,4.60,0.00,0.00,0.00,0.00,0.00,0.00,5.5,0,10.0,0,100,0,0,0,0,0,0,0,0,0,0,-1,-1,-1,-1,-1,-1,-1,-1
2015-05-24,17:17:31.810,-,0,0.00,0.00,0.00,0.00,2000-00-00,00:00:00,1006.9533-,4401.7455-,000.00,200, 0.00, 340.00, 0.00,100.0,-30,0,12000,75,0.0,4.10,4.20,4.30,4.40,4.50,4.60,0.00,0.00,0.00,0.00,0.00,0.00,5.5,1,10.0,0,100,0,0,0,0,0,0,0,0,0,0,-1,-1,-1,-1,-1,-1,-1,-1
2015-05-24,17:17:32.010,-,0,0.00,0.00,0.00,0.00,2000-00-00,00:00:00,1006.9533-,4401.7455-,000.00,200, 0.00, 340.00, 0.00,100.0,-30,0,12000,75,0.0,4.10,4.20,4.30,4.40,4.50,4.60,0.00,0.00,0.00,0.00,0.00,0.00,5.5,1,10.0,0,100,0,0,0,0,0,0,0,0,0,0,-1,-1,-1,-1,-1,-1,-1,-1
2015-05-24,17:17:32.210,-,0,0.00,0.00,0.00,0.00,2000-00-00,00:00:00,1006.9533-,4401.7455-,000.00,200, 0.00, 340.00, 0.00,100.0,-30,0,12000,75,0.0,4.10,4.20,4.30,4.40,4.50,4.60,0.00,0.00,0.00,0.00,0.00,0.00,5.5,1,10.0,0,100,0,0,0,0,0,0,0,0,0,0,-1,-1,-1,-1,-1,-1,-1,-1
2015-05-24,17:17:32.410,-,0,0.00,0.00,0.00,0.00,2000-00-00,00:00:00,1006.9533-,4401.7455-,000.00,200, 0.00, 340.00, 0.00,100.0,-30,0,12000,75,0.0,4.10,4.20,4.30,4.40,4.50,4.60,0.00,0.00,0.00,0.00,0.00,0.00,5.5,2,10.0,0,100,0,0,0,0,0,0,0,0,0,0,-1,-1,-1,-1,-1,-1,-1,-1
2015-05-24,17:17:32.610,-,0,0.00,0.00,0.00,0.00,2000-00-00,00:00:00,1006.9533-,4401.7455-,000.00,200, 0.00, 340.00, 0.00,100.0,-30,0,12000,75,0.0,4.10,4.20,4.30,4.40,4.50,4.60,0.00,0.00,0.00,0.00,0.00,0.00,5.5,2,10.0,0,100,0,0,0,0,0,0,0,0,0,0,-1,-1,-1,-1,-1,-1,-1,-1
2015-05-24,17:17:32.810,-,0,0.00,0.00,0.00,0.00,2000-00-00,00:00:00,1006.9533-,4401.7455-,000.00,200, 0.00, 340.00, 0.00,100.0,-30,0,12000,75,0.0,4.10,4.20,4.30,4.40,4.50,4.60,0.00,0.00,0.00,0.00,0.00,0.00,5.5,2,10.0,0,100,0,0,0,0,0,0,0,0,0,0,-1,-1,-1,-1,-1,-1,-1,-1
2015-05-24,17:17:33.000,-,0,0.00,0.00,0.00,0.00,2000-00-00,00:00:00,1006.9533-,4401.7455-,000.00,200, 0.00, 340.00, 0.00,100.0,-30,0,12000,75,0.0,4.10,4.20,4.30,4.40,4.50,4.60,0.00,0.00,0.00,0.00,0.00,0.00,5.5,3,10.0,0,100,0,0,0,0,0,0,0,0,0,0,-1,-1,-1,-1,-1,-1,-1,-1
2015-05-24,17:17:33.210,-,0,0.00,0.00,0.00,0.00,2000-00-00,00:00:00,1006.9533-,4401.7455-,000.00,200, 0.00, 340.00, 0.00,100.0,-30,0,12000,75,0.0,4.10,4.20,4.30,4.40,4.50,4.60,0.00,0.00,0.00,0.00,0.00,0.00,5.5,3,10.0,0,100,0,0,0,0,0,0,0,0,0,0,-1,-1,-1,-1,-1,-1,-1,-1
2015-05-24,17:17:33.410,-,0,0.00,0.00,0.00,0.00,2000-00-00,00:00:00,1006.9533-,4401.7455-,000.00,200, 0.00, 340.00, 0.00,100.0,-30,0,12000,75,0.0,4.10,4.20,4.30,4.40,4.50,4.60,0.00,0.00,0.00,0.00,0.00,0.00,5.5,3,10.0,0,100,0,0,0,0,0,0,0,0,0,0,-1,-1,-1,-1,-1,-1,-1,-1
2015-05-24,17:17:33.610,-,0,0.00,0.00,0.00,0.00,2000-00-00,00:00:00,1006.9533-,4401.7455-,000.00,200, 0.00, 340.00, 0.00,100.0,-30,0,12000,75,0.0,4.10,4.20,4.30,4.40,4.50,4.60,0.00,0.00,0.00,0.00,0.00,0.00,5.5,3,10.0,0,100,0,0,0,0,0,0,0,0,0,0,-1,-1,-1,-1,-1,-1,-1,-1
2015-05-24,17:17:33.810,-,0,0.00,0.00,0.00,0.00,2000-00-00,00:00:00,1006.9533-,4401.7455-,000.00,200, 0.00, 340.00, 0.00,100.0,-30,0,12000,75,0.0,4.10,4.20,4.30,4.40,4.50,4.60,0.00,0.00,0.00,0.00,0.00,0.00,5.5,4,10.0,0,100,0,0,0,0,0,0,0,0,0,0,-1,-1,-1,-1,-1,-1,-1,-1
2015-05-24,17:17:34.010,-,0,0.00,0.00,0.00,0.00,2000-00-00,00:00:00,1006.9533-,4401.7455-,000.00,200, 0.00, 340.00, 0.00,100.0,-30,0,12000,75,0.0,4.10,4.20,4.30,4.40,4.50,4.60,0.00,0.00,0.00,0.00,0.00,0.00,5.5,4,10.0,0,100,0,0,0,0,0,0,0,0,0,0,-1,-1,-1,-1,-1,-1,-1,-1
2015-05-24,17:17:34.210,-,0,0.00,0.00,0.00,0.00,2000-00-00,00:00:00,1006.9533-,4401.7455-,000.00,200, 0.00, 340.00, 0.00,100.0,-30,0,12000,75,0.0,4.10,4.20,4.30,4.40,4.50,4.60,0.00,0.00,0.00,0.00,0.00,0.00,5.5,4,10.0,0,100,0,0,0,0,0,0,0,0,0,0,-1,-1,-1,-1,-1,-1,-1,-1
2015-05-24,17:17:34.410,-,0,0.00,0.00,0.00,0.00,2000-00-00,00:00:00,1006.9533-,4401.7455-,000.00,200, 0.00, 340.00, 0.00,100.0,-30,0,12000,75,0.0,4.10,4.20,4.30,4.40,4.50,4.60,0.00,0.00,0.00,0.00,0.00,0.00,5.5,5,10.0,0,100,0,0,0,0,0,0,0,0,0,0,-1,-1,-1,-1,-1,-1,-1,-1
2015-05-24,17:17:34.610,-,0,0.00,0.00,0.00,0.00,2000-00-00,00:00:00,1006.9533-,4401.7455-,000.00,200, 0.00, 340.00, 0.00,100.0,-30,0,12000,75,0.0,4.10,4.20,4.30,4.40,4.50,4.60,0.00,0.00,0.00,0.00,0.00,0.00,5.5,5,10.0,0,100,0,0,0,0,0,0,0,0,0,0,-1,-1,-1,-1,-1,-1,-1,-1
2015-05-24,17:17:34.800,-,0,0.00,0.00,0.00,0.00,2000-00-00,00:00:00,1006.9533-,4401.7455-,000.00,200, 0.00, 340.00, 0.00,100.0,-30,0,12000,75,0.0,4.10,4.20,4.30,4.40,4.50,4.60,0.00,0.00,0.00,0.00,0.00,0.00,5.5,5,10.0,0,100,0,0,0,0,0,0,0,0,0,0,-1,-1,-1,-1,-1,-1,-1,-1
2015-05-24,17:17:35.010,-,0,0.00,0.00,0.00,0.00,2000-00-00,00:00:00,1006.9533-,4401.7455-,000.00,200, 0.00, 340.00, 0.00,100.0,-30,0,12000,75,0.0,4.10,4.20,4.30,4.40,4.50,4.60,0.00,0.00,0.00,0.00,0.00,0.00,5.5,6,10.0,0,100,0,0,0,0,0,0,0,0,0,0,-1,-1,-1,-1,-1,-1,-1,-1
2015-05-24,17:17:35.210,-,0,0.00,0.00,0.00,0.00,2000-00-00,00:00:00,1006.9533-,4401.7455-,000.00,200, 0.00, 340.00, 0.00,100.0,-30,0,12000,75,0.0,4.10,4.20,4.30,4.40,4.50,4.60,0.00,0.00,0.00,0.00,0.00,0.00,5.5,6,10.0,0,100,0,0,0,0,0,0,0,0,0,0,-1,-1,-1,-1,-1,-1,-1,-1
2015-05-24,17:17:35.410,-,0,0.00,0.00,0.00,0.00,2000-00-00,00:00:00,1006.9533-,4401.7455-,000.00,200, 0.00, 340.00, 0.00,100.0,-30,0,12000,75,0.0,4.10,4.20,4.30,4.40,4.50,4.60,0.00,0.00,0.00,0.00,0.00,0.00,5.5,6,10.0,0,100,0,0,0,0,0,0,0,0,0,0,-1,-1,-1,-1,-1,-1,-1,-1
2015-05-24,17:17:35.610,-,0,0.00,0.00,0.00,0.00,2000-00-00,00:00:00,1006.9533-,4401.7455-,000.00,200, 0.00, 340.00, 0.00,100.0,-30,0,12000,75,0.0,4.10,4.20,4.30,4.40,4.50,4.60,0.00,0.00,0.00,0.00,0.00,0.00,5.5,7,10.0,0,100,0,0,0,0,0,0,0,0,0,0,-1,-1,-1,-1,-1,-1,-1,-1
2015-05-24,17:17:35.810,-,0,0.00,0.00,0.00,0.00,2000-00-00,00:00:00,1006.9533-,4401.7455-,000.00,200, 0.00, 340.00, 0.00,100.0,-30,0,12000,75,0.0,4.10,4.20,4.30,4.40,4.50,4.60,0.00,0.00,0.00,0.00,0.00,0.00,5.5,7,10.0,0,100,0,0,0,0,0,0,0,0,0,0,-1,-1,-1,-1,-1,-1,-1,-1
2015-05-24,17:17:36.010,-,0,0.00,0.00,0.00,0.00,2000-00-00,00:00:00,1006.9533-,4401.7455-,000.00,200, 0.00, 340.00, 0.00,100.0,-30,0,12000,75,0.0,4.10,4.20,4.30,4.40,4.50,4.60,0.00,0.00,0.00,0.00,0.00,0.00,5.5,7,10.0,0,100,0,0,0,0,0,0,0,0,0,0,-1,-1,-1,-1,-1,-1,-1,-1
2015-05-24,17:17:36.210,-,0,0.00,0.00,0.00,0.00,2000-00-00,00:00:00,1006.9533-,4401.7455-,000.00,200, 0.00, 340.00, 0.00,100.0,-30,0,12000,75,0.0,4.10,4.20,4.30,4.40,4.50,4.60,0.00,0.00,0.00,0.00,0.00,0.00,5.5,7,10.0,0,100,0,0,0,0,0,0,0,0,0,0,-1,-1,-1,-1,-1,-1,-1,-1
2015-05-24,17:17:36.410,-,0,0.00,0.00,0.00,0.00,2000-00-00,00:00:00,1006.9533-,4401.7455-,000.00,200, 0.00, 340.00, 0.00,100.0,-30,0,12000,75,0.0,4.10,4.20,4.30,4.40,4.50,4.60,0.00,0.00,0.00,0.00,0.00,0.00,5.5,8,10.0,0,100,0,0,0,0,0,0,0,0,0,0,-1,-1,-1,-1,-1,-1,-1,-1
2015-05-24,17:17:36.610,-,0,0.00,0.00,0.00,0.00,2000-00-00,00:00:00,1006.9533-,4401.7455-,000.00,200, 0.00, 340.00, 0.00,100.0,-30,0,12000,75,0.0,4.10,4.20,4.30,4.40,4.50,4.60,0.00,0.00,0.00,0.00,0.00,0.00,5.5,8,10.0,0,100,0,0,0,0,0,0,0,0,0,0,-1,-1,-1,-1,-1,-1,-1,-1
2015-05-24,17:17:36.810,-,0,0.00,0.00,0.00,0.00,2000-00-00,00:00:00,1006.9533-,4401.7455-,000.00,200, 0.00, 340.00, 0.00,100.0,-30,0,12000,75,0.0,4.10,4.20,4.30,4.40,4.50,4.60,0.00,0.00,0.00,0.00,0.00,0.00,5.5,8,10.0,0,100,0,0,0,0,0,0,0,0,0,0,-1,-1,-1,-1,-1,-1,-1,-1
2015-05-24,17:17:37.010,-,0,0.00,0.00,0.00,0.00,2000-00-00,00:00:00,1006.9533-,4401.7455-,000.00,200, 0.00, 340.00, 0.00,100.0,-30,0,12000,75,0.0,4.10,4.20,4.30,4.40,4.50,4.60,0.00,0.00,0.00,0.00,0.00,0.00,5.5,9,10.0,0,100,0,0,0,0,0,0,0,0,0,0,-1,-1,-1,-1,-1,-1,-1,-1
2015-05-24,17:17:37.210,-,0,0.00,0.00,0.00,0.00,2000-00-00,00:00:00,1006.9533-,4401.7455-,000.00,200, 0.00, 340.00, 0.00,100.0,-30,0,12000,75,0.0,4.10,4.20,4.30,4.40,4.50,4.60,0.00,0.00,0.00,0.00,0.00,0.00,5.5,9,10.0,0,100,0,0,0,0,0,0,0,0,0,0,-1,-1,-1,-1,-1,-1,-1,-1
2015-05-24,17:17:37.410,-,0,0.00,0.00,0.00,0.00,2000-00-00,00:00:00,1006.9533-,4401.7455-,000.00,200, 0.00, 340.00, 0.00,100.0,-30,0,12000,75,0.0,4.10,4.20,4.30,4.40,4.50,4.60,0.00,0.00,0.00,0.00,0.00,0.00,5.5,9,10.0,0,100,0,0,0,0,0,0,0,0,0,0,-1,-1,-1,-1,-1,-1,-1,-1
2015-05-24,17:17:37.610,-,0,0.00,0.00,0.00,0.00,2000-00-00,00:00:00,1006.9533-,4401.7455-,000.00,200, 0.00, 340.00, 0.00,100.0,-30,0,12000,75,0.0,4.10,4.20,4.30,4.40,4.50,4.60,0.00,0.00,0.00,0.00,0.00,0.00,5.5,10,10.0,0,100,0,0,0,0,0,0,0,0,0,0,-1,-1,-1,-1,-1,-1,-1,-1
2015-05-24,17:17:37.810,-,0,0.00,0.00,0.00,0.00,2000-00-00,00:00:00,1006.9533-,4401.7455-,000.00,200, 0.00, 340.00, 0.00,100.0,-30,0,12000,75,0.0,4.10,4.20,4.30,4.40,4.50,4.60,0.00,0.00,0.00,0.00,0.00,0.00,5.5,10,10.0,0,100,0,0,0,0,0,0,0,0,0,0,-1,-1,-1,-1,-1,-1,-1,-1
2015-05-24,17:17:38.010,-,0,0.00,0.00,0.00,0.00,2000-00-00,00:00:00,1006.9533-,4401.7455-,000.00,200, 0.00, 340.00, 0.00,100.0,-30,0,12000,75,0.0,4.10,4.20,4.30,4.40,4.50,4.60,0.00,0.00,0.00,0.00,0.00,0.00,5.5,10,10.0,0,100,0,0,0,0,0,0,0,0,0,0,-1,-1,-1,-1,-1,-1,-1,-1
2015-05-24,17:17:38.210,-,0,0.00,0.00,0.00,0.00,2000-00-00,00:00:00,1006.9533-,4401.7455-,000.00,200, 0.00, 340.00, 0.00,100.0,-30,0,12000,75,0.0,4.10,4.20,4.30,4.40,4.50,4.60,0.00,0.00,0.00,0.00,0.00,0.00,5.5,11,10.0,0,100,0,0,0,0,0,0,0,0,0,0,-1,-1,-1,-1,-1,-1,-1,-1
2015-05-24,17:17:38.410,-,0,0.00,0.00,0.00,0.00,2000-00-00,00:00:00,1006.9533-,4401.7455-,000.00,200, 0.00, 340.00, 0.00,100.0,-30,0,12000,75,0.0,4.10,4.20,4.30,4.40,4.50,4.60,0.00,0.00,0.00,0.00,0.00,0.00,5.5,11,10.0,0,100,0,0,0,0,0,0,0,0,0,0,-1,-1,-1,-1,-1,-1,-1,-1
2015-05-24,17:17:38.610,-,0,0.00,0.00,0.00,0.00,2000-00-00,00:00:00,1006.9533-,4401.7455-,000.00,200, 0.00, 340.00, 0.00,100.0,-30,0,12000,75,0.0,4.10,4.20,4.30,4.40,4.50,4.60,0.00,0.00,0.00,0.00,0.00,0.00,5.5,11,10.0,0,100,0,0,0,0,0,0,0,0,0,0,-1,-1,-1,-1,-1,-1,-1,-1
2015-05-24,17:17:38.810,-,0,0.00,0.00,0.00,0.00,2000-00-00,00:00:00,1006.9533-,4401.7455-,000.00,200, 0.00, 340.00, 0.00,100.0,-30,0,12000,75,0.0,4.10,4.20,4.30,4.40,4.50,4.60,0.00,0.00,0.00,0.00,0.00,0.00,5.5,11,10.0,0,100,0,0,0,0,0,0,0,0,0,0,-1,-1,-1,-1,-1,-1,-1,-1
2015-05-24,17:17:39.010,-,0,0.00,0.00,0.00,0.00,2000-00-00,00:00:00,1006.9533-,4401.7455-,000.00,200, 0.00, 340.00, 0.00,100.0,-30,0,12000,75,0.0,4.10,4.20,4.30,4.40,4.50,4.60,0.00,0.00,0.00,0.00,0.00,0.00,5.5,12,10.0,0,100,0,0,0,0,0,0,0,0,0,0,-1,-1,-1,-1,-1,-1,-1,-1
2015-05-24,17:17:39.210,-,0,0.00,0.00,0.00,0.00,2000-00-00,00:00:00,1006.9533-,4401.7455-,000.00,200, 0.00, 340.00, 0.00,100.0,-30,0,12000,75,0.0,4.10,4.20,4.30,4.40,4.50,4.60,0.00,0.00,0.00,0.00,0.00,0.00,5.5,12,10.0,0,100,0,0,0,0,0,0,0,0,0,0,-1,-1,-1,-1,-1,-1,-1,-1
2015-05-24,17:17:39.410,-,0,0.00,0.00,0.00,0.00,2000-00-00,00:00:00,1006.9533-,4401.7455-,000.00,200, 0.00, 340.00, 0.00,100.0,-30,0,12000,75,0.0,4.10,4.20,4.30,4.40,4.50,4.60,0.00,0.00,0.00,0.00,0.00,0.00,5.5,12,10.0,0,100,0,0,0,0,0,0,0,0,0,0,-1,-1,-1,-1,-1,-1,-1,-1
2015-05-24,17:17:39.610,-,0,0.00,0.00,0.00,0.00,2000-00-00,00:00:00,1006.9533-,4401.7455-,000.00,200, 0.00, 340.00, 0.00,100.0,-30,0,12000,75,0.0,4.10,4.20,4.30,4.40,4.50,4.60,0.00,0.00,0.00,0.00,0.00,0.00,5.5,13,10.0,0,100,0,0,0,0,0,0,0,0,0,0,-1,-1,-1,-1,-1,-1,-1,-1
2015-05-24,17:17:39.810,-,0,0.00,0.00,0.00,0.00,2000-00-00,00:00:00,1006.9533-,4401.7455-,000.00,200, 0.00, 340.00, 0.00,100.0,-30,0,12000,75,0.0,4.10,4.20,4.30,4.40,4.50,4.60,0.00,0.00,0.00,0.00,0.00,0.00,5.5,13,10.0,0,100,0,0,0,0,0,0,0,0,0,0,-1,-1,-1,-1,-1,-1,-1,-1
2015-05-24,17:17:40.010,-,0,0.00,0.00,0.00,0.00,2000-00-00,00:00:00,1006.9533-,4401.7455-,000.00,200, 0.00, 340.00, 0.00,100.0,-30,0,12000,75,0.0,4.10,4.20,4.30,4.40,4.50,4.60,0.00,0.00,0.00,0.00,0.00,0.00,5.5,13,10.0,0,100,0,0,0,0,0,0,0,0,0,0,-1,-1,-1,-1,-1,-1,-1,-1
2015-05-24,17:17:40.210,-,0,0.00,0.00,0.00,0.00,2000-00-00,00:00:00,1006.9533-,4401.7455-,000.00,200, 0.00, 340.00, 0.00,100.0,-30,0,12000,75,0.0,4.10,4.20,4.30,4.40,4.50,4.60,0.00,0.00,0.00,0.00,0.00,0.00,5.5,14,10.0,0,100,0,0,0,0,0,0,0,0,0,0,-1,-1,-1,-1,-1,-1,-1,-1
2015-05-24,17:17:40.410,-,0,0.00,0.00,0.00,0.00,2000-00-00,00:00:00,1006.9533-,4401.7455-,000.00,200, 0.00, 340.00, 0.00,100.0,-30,0,12000,75,0.0,4.10,4.20,4.30,4.40,4.50,4.60,0.00,0.00,0.00,0.00,0.00,0.00,5.5,14,10.0,0,100,0,0,0,0,0,0,0,0,0,0,-1,-1,-1,-1,-1,-1,-1,-1
2015-05-24,17:17:40.610,-,0,0.00,0.00,0.00,0.00,2000-00-00,00:00:00,1006.9533-,4401.7455-,000.00,200, 0.00, 340.00, 0.00,100.0,-30,0,12000,75,0.0,4.10,4.20,4.30,4.40,4.50,4.60,0.00,0.00,0.00,0.00,0.00,0.00,5.5,14,10.0,0,100,0,0,0,0,0,0,0,0,0,0,-1,-1,-1,-1,-1,-1,-1,-1
2015-05-24,17:17:40.810,-,0,0.00,0.00,0.00,0.00,2000-00-00,00:00:00,1006.9533-,4401.7455-,000.00,200, 0.00, 340.00, 0.00,100.0,-30,0,12000,75,0.0,4.10,4.20,4.30,4.40,4.50,4.60,0.00,0.00,0.00,0.00,0.00,0.00,5.5,14,10.0,0,100,0,0,0,0,0,0,0,0,0,0,-1,-1,-1,-1,-1,-1,-1,-1
2015-05-24,17:17:41.010,-,0,0.00,0.00,0.00,0.00,2000-00-00,00:00:00,1006.9533-,4401.7455-,000.00,200, 0.00, 340.00, 0.00,100.0,-30,0,12000,75,0.0,4.10,4.20,4.30,4.40,4.50,4.60,0.00,0.00,0.00,0.00,0.00,0.00,5.5,15,10.0,0,100,0,0,0,0,0,0,0,0,0,0,-1,-1,-1,-1,-1,-1,-1,-1
2015-05-24,17:17:41.210,-,0,0.00,0.00,0.00,0.00,2000-00-00,00:00:00,1006.9533-,4401.7455-,000.00,200, 0.00, 340.00, 0.00,100.0,-30,0,12000,75,0.0,4.10,4.20,4.30,4.40,4.50,4.60,0.00,0.00,0.00,0.00,0.00,0.00,5.5,15,10.0,0,100,0,0,0,0,0,0,0,0,0,0,-1,-1,-1,-1,-1,-1,-1,-1
2015-05-24,17:17:41.410,-,0,0.00,0.00,0.00,0.00,2000-00-00,00:00:00,1006.9533-,4401.7455-,000.00,200, 0.00, 340.00, 0.00,100.0,-30,0,12000,75,0.0,4.10,4.20,4.30,4.40,4.50,4.60,0.00,0.00,0.00,0.00,0.00,0.00,5.5,15,10.0,0,100,0,0,0,0,0,0,0,0,0,0,-1,-1,-1,-1,-1,-1,-1,-1
2015-05-24,17:17:41.610,-,0,0.00,0.00,0.00,0.00,2000-00-00,00:00:00,1006.9533-,4401.7455-,000.00,200, 0.00, 340.00, 0.00,100.0,-30,0,12000,75,0.0,4.10,4.20,4.30,4.40,4.50,4.60,0.00,0.00,0.00,0.00,0.00,0.00,5.5,16,10.0,0,100,0,0,9,0,0,0,0,0,0,0,-1,-1,-1,-1,-1,-1,-1,-1
2015-05-24,17:17:41.810,-,0,0.00,0.00,0.00,0.00,2000-00-00,00:00:00,1006.9533-,4401.7455-,000.00,200, 0.00, 340.00, 0.00,100.0,-30,0,12000,75,0.0,4.10,4.20,4.30,4.40,4.50,4.60,0.00,0.00,0.00,0.00,0.00,0.00,5.5,16,10.0,0,100,0,0,-36,0,1024,0,0,0,0,0,-1,-1,-1,-1,-1,-1,-1,-1
2015-05-24,17:17:42.010,-,0,0.00,0.00,0.00,0.00,2000-00-00,00:00:00,1006.9533-,4401.7455-,000.00,200, 0.00, 340.00, 0.00,100.0,-30,0,12000,75,0.0,4.10,4.20,4.30,4.40,4.50,4.60,0.00,0.00,0.00,0.00,0.00,0.00,5.5,16,10.0,0,100,0,0,-45,0,1024,0,0,0,0,0,-1,-1,-1,-1,-1,-1,-1,-1
2015-05-24,17:17:42.210,-,0,0.00,0.00,0.00,0.00,2000-00-00,00:00:00,1006.9533-,4401.7455-,000.00,200, 0.00, 340.00, 0.00,100.0,-30,0,12000,75,0.0,4.10,4.20,4.30,4.40,4.50,4.60,0.00,0.00,0.00,0.00,0.00,0.00,5.5,17,10.0,0,100,0,0,-55,0,880,0,0,0,0,0,-1,-1,-1,-1,-1,-1,-1,-1
2015-05-24,17:17:42.410,-,0,0.00,0.00,0.00,0.00,2000-00-00,00:00:00,1006.9533-,4401.7455-,000.00,200, 0.00, 340.00, 0.00,100.0,-30,0,12000,75,0.0,4.10,4.20,4.30,4.40,4.50,4.60,0.00,0.00,0.00,0.00,0.00,0.00,5.5,17,10.0,0,100,0,0,-55,0,-583,0,0,0,0,0,-1,-1,-1,-1,-1,-1,-1,-1
2015-05-24,17:17:42.610,-,0,0.00,0.00,0.00,0.00,2000-00-00,00:00:00,1006.9533-,4401.7455-,000.00,200, 0.00, 340.00, 0.00,100.0,-30,0,12000,75,0.0,4.10,4.20,4.30,4.40,4.50,4.60,0.00,0.00,0.00,0.00,0.00,0.00,5.5,17,10.0,0,100,0,0,-64,0,-1024,0,0,0,0,0,-1,-1,-1,-1,-1,-1,-1,-1
2015-05-24,17:17:42.810,-,0,0.00,0.00,0.00,0.00,2000-00-00,00:00:00,1006.9533-,4401.7455-,000.00,200, 0.00, 340.00, 0.00,100.0,-30,0,12000,75,0.0,4.10,4.20,4.30,4.40,4.50,4.60,0.00,0.00,0.00,0.00,0.00,0.00,5.5,18,10.0,0,100,0,0,-36,0,256,0,0,0,0,0,-1,-1,-1,-1,-1,-1,-1,-1
2015-05-24,17:17:43.010,-,0,0.00,0.00,0.00,0.00,2000-00-00,00:00:00,1006.9533-,4401.7455-,000.00,200, 0.00, 340.00, 0.00,100.0,-30,0,12000,75,0.0,4.10,4.20,4.30,4.40,4.50,4.60,0.00,0.00,0.00,0.00,0.00,0.00,5.5,18,10.0,0,100,0,0,-36,0,911,0,0,0,0,0,-1,-1,-1,-1,-1,-1,-1,-1
2015-05-24,17:17:43.210,-,0,0.00,0.00,0.00,0.00,2000-00-00,00:00:00,1006.9533-,4401.7455-,000.00,200, 0.00, 340.00, 0.00,100.0,-30,0,12000,75,0.0,4.10,4.20,4.30,4.40,4.50,4.60,0.00,0.00,0.00,0.00,0.00,0.00,5.5,18,10.0,0,100,0,0,0,0,501,0,0,0,0,0,-1,-1,-1,-1,-1,-1,-1,-1
2015-05-24,17:17:43.410,-,0,0.00,0.00,0.00,0.00,2000-00-00,00:00:00,1006.9533-,4401.7455-,000.00,200, 0.00, 340.00, 0.00,100.0,-30,0,12000,75,0.0,4.10,4.20,4.30,4.40,4.50,4.60,0.00,0.00,0.00,0.00,0.00,0.00,5.5,18,10.0,0,100,0,0,0,0,0,0,0,0,0,0,-1,-1,-1,-1,-1,-1,-1,-1
2015-05-24,17:17:43.610,-,0,0.00,0.00,0.00,0.00,2000-00-00,00:00:00,1006.9533-,4401.7455-,000.00,200, 0.00, 340.00, 0.00,100.0,-30,0,12000,75,0.0,4.10,4.20,4.30,4.40,4.50,4.60,0.00,0.00,0.00,0.00,0.00,0.00,5.5,19,10.0,0,100,0,0,0,0,0,0,0,0,0,0,-1,-1,-1,-1,-1,-1,-1,-1
2015-05-24,17:17:43.810,-,0,0.00,0.00,0.00,0.00,2000-00-00,00:00:00,1006.9533-,4401.7455-,000.00,200, 0.00, 340.00, 0.00,100.0,-30,0,12000,75,0.0,4.10,4.20,4.30,4.40,4.50,4.60,0.00,0.00,0.00,0.00,0.00,0.00,5.5,19,10.0,0,100,0,0,0,0,0,0,0,0,0,0,-1,-1,-1,-1,-1,-1,-1,-1
2015-05-24,17:17:44.010,-,0,0.00,0.00,0.00,0.00,2000-00-00,00:00:00,1006.9533-,4401.7455-,000.00,200, 0.00, 340.00, 0.00,100.0,-30,0,12000,75,0.0,4.10,4.20,4.30,4.40,4.50,4.60,0.00,0.00,0.00,0.00,0.00,0.00,5.5,19,10.0,0,100,0,0,0,0,0,0,0,0,0,0,-1,-1,-1,0,-1,-1,-1,-1
2015-05-24,17:17:44.210,-,0,0.00,0.00,0.00,0.00,2000-00-00,00:00:00,1006.9533-,4401.7455-,000.00,200, 0.00, 340.00, 0.00,100.0,-30,0,12000,75,0.0,4.10,4.20,4.30,4.40,4.50,4.60,0.00,0.00,0.00,0.00,0.00,0.00,5.5,20,10.0,0,100,0,0,0,0,0,0,0,0,0,0,-1,-1,-1,0,-1,-1,-1,-1
2015-05-24,17:17:44.410,-,0,0.00,0.00,0.00,0.00,2000-00-00,00:00:00,1006.9533-,4401.7455-,000.00,200, 0.00, 340.00, 0.00,100.0,-30,0,12000,75,0.0,4.10,4.20,4.30,4.40,4.50,4.60,0.00,0.00,0.00,0.00,0.00,0.00,5.5,20,10.0,0,100,0,0,0,0,0,0,0,0,0,0,-1,-1,-1,0,-1,-1,-1,-1
2015-05-24,17:17:44.610,-,0,0.00,0.00,0.00,0.00,2000-00-00,00:00:00,1006.9533-,4401.7455-,000.00,200, 0.00, 340.00, 0.00,100.0,-30,0,12000,75,0.0,4.10,4.20,4.30,4.40,4.50,4.60,0.00,0.00,0.00,0.00,0.00,0.00,5.5,20,10.0,0,100,0,0,0,0,0,0,0,0,0,0,-1,-1,-1,0,-1,-1,-1,-1
2015-05-24,17:17:44.810,-,0,0.00,0.00,0.00,0.00,2000-00-00,00:00:00,1006.9533-,4401.7455-,000.00,200, 0.00, 340.00, 0.00,100.0,-30,0,12000,75,0.0,4.10,4.20,4.30,4.40,4.50,4.60,0.00,0.00,0.00,0.00,0.00,0.00,5.5,21,10.0,0,100,0,0,0,0,0,0,0,0,0,0,-1,-1,-1,0,-1,-1,-1,-1
2015-05-24,17:17:45.010,-,0,0.00,0.00,0.00,0.00,2000-00-00,00:00:00,1006.9533-,4401.7455-,000.00,200, 0.00, 340.00, 0.00,100.0,-30,0,12000,75,0.0,4.10,4.20,4.30,4.40,4.50,4.60,0.00,0.00,0.00,0.00,0.00,0.00,5.5,21,10.0,0,100,0,0,0,0,0,0,0,0,0,0,-1,-1,-1,0,-1,-1,-1,-1
2015-05-24,17:17:45.210,-,0,0.00,0.00,0.00,0.00,2000-00-00,00:00:00,1006.9533-,4401.7455-,000.00,200, 0.00, 340.00, 0.00,100.0,-30,0,12000,75,0.0,4.10,4.20,4.30,4.40,4.50,4.60,0.00,0.00,0.00,0.00,0.00,0.00,5.5,21,10.0,0,100,0,0,-45,0,1024,0,0,0,0,0,-1,-1,-1,0,-1,-1,-1,-1
2015-05-24,17:17:45.410,-,0,0.00,0.00,0.00,0.00,2000-00-00,00:00:00,1006.9533-,4401.7455-,000.00,200, 0.00, 340.00, 0.00,100.0,-30,0,12000,75,0.0,4.10,4.20,4.30,4.40,4.50,4.60,0.00,0.00,0.00,0.00,0.00,0.00,5.5,22,10.0,0,100,0,0,-55,0,1024,0,0,0,0,0,-1,-1,-1,0,-1,-1,-1,-1
2015-05-24,17:17:45.610,-,0,0.00,0.00,0.00,0.00,2000-00-00,00:00:00,1006.9533-,4401.7455-,000.00,200, 0.00, 340.00, 0.00,100.0,-30,0,12000,75,0.0,4.10,4.20,4.30,4.40,4.50,4.60,0.00,0.00,0.00,0.00,0.00,0.00,5.5,22,10.0,0,100,0,0,-64,0,1024,0,0,0,0,0,-1,-1,-1,0,-1,-1,-1,-1
2015-05-24,17:17:45.810,-,0,0.00,0.00,0.00,0.00,2000-00-00,00:00:00,1006.9533-,4401.7455-,000.00,200, 0.00, 340.00, 0.00,100.0,-30,0,12000,75,0.0,4.10,4.20,4.30,4.40,4.50,4.60,0.00,0.00,0.00,0.00,0.00,0.00,5.5,22,10.0,0,100,0,0,-64,0,-727,0,0,0,0,0,-1,-1,-1,0,-1,-1,-1,-1
2015-05-24,17:17:46.010,-,0,0.00,0.00,0.00,0.00,2000-00-00,00:00:00,1006.9533-,4401.7455-,000.00,200, 0.00, 340.00, 0.00,100.0,-30,0,12000,75,0.0,4.10,4.20,4.30,4.40,4.50,4.60,0.00,0.00,0.00,0.00,0.00,0.00,5.5,22,10.0,0,100,0,0,-156,0,1024,0,0,0,0,0,-1,-1,-1,0,-1,-1,-1,-1
2015-05-24,17:17:46.210,-,0,0.00,0.00,0.00,0.00,2000-00-00,00:00:00,1006.9533-,4401.7455-,000.00,200, 0.00, 340.00, 0.00,100.0,-30,0,12000,75,0.0,4.10,4.20,4.30,4.40,4.50,4.60,0.00,0.00,0.00,0.00,0.00,0.00,5.5,23,10.0,0,100,0,0,-174,0,1024,0,0,0,0,0,-1,-1,-1,0,-1,-1,-1,-1
2015-05-24,17:17:46.410,-,0,0.00,0.00,0.00,0.00,2000-00-00,00:00:00,1006.9533-,4401.7455-,000.00,200, 0.00, 340.00, 0.00,100.0,-30,0,12000,75,0.0,4.10,4.20,4.30,4.40,4.50,4.60,0.00,0.00,0.00,0.00,0.00,0.00,5.5,23,10.0,0,100,0,0,-174,0,1024,0,0,0,0,0,-1,-1,-1,0,-1,-1,-1,-1
2015-05-24,17:17:46.610,-,0,0.00,0.00,0.00,0.00,2000-00-00,00:00:00,1006.9533-,4401.7455-,000.00,200, 0.00, 340.00, 0.00,100.0,-30,0,12000,75,0.0,4.10,4.20,4.30,4.40,4.50,4.60,0.00,0.00,0.00,0.00,0.00,0.00,5.5,23,10.0,0,100,0,0,-174,0,1024,0,0,0,0,0,-1,-1,-1,0,-1,-1,-1,-1
2015-05-24,17:17:46.810,-,0,0.00,0.00,0.00,0.00,2000-00-00,00:00:00,1006.9533-,4401.7455-,000.00,200, 0.00, 340.00, 0.00,100.0,-30,0,12000,75,0.0,4.10,4.20,4.30,4.40,4.50,4.60,0.00,0.00,0.00,0.00,0.00,0.00,5.5,24,10.0,0,100,0,0,0,0,399,0,0,0,0,0,-1,-1,-1,0,-1,-1,-1,-1
2015-05-24,17:17:47.010,-,0,0.00,0.00,0.00,0.00,2000-00-00,00:00:00,1006.9533-,4401.7455-,000.00,200, 0.00, 340.00, 0.00,100.0,-30,0,12000,75,0.0,4.10,4.20,4.30,4.40,4.50,4.60,0.00,0.00,0.00,0.00,0.00,0.00,5.5,24,10.0,0,100,0,0,0,0,0,0,0,0,0,0,-1,-1,-1,0,-1,-1,-1,-1
2015-05-24,17:17:47.210,-,0,0.00,0.00,0.00,0.00,2000-00-00,00:00:00,1006.9533-,4401.7455-,000.00,200, 0.00, 340.00, 0.00,100.0,-30,0,12000,75,0.0,4.10,4.20,4.30,4.40,4.50,4.60,0.00,0.00,0.00,0.00,0.00,0.00,5.5,24,10.0,0,100,0,0,0,0,0,0,0,0,0,0,-1,-1,-1,0,-1,-1,-1,-1
2015-05-24,17:17:47.410,-,0,0.00,0.00,0.00,0.00,2000-00-00,00:00:00,1006.9533-,4401.7455-,000.00,200, 0.00, 340.00, 0.00,100.0,-30,0,12000,75,0.0,4.10,4.20,4.30,4.40,4.50,4.60,0.00,0.00,0.00,0.00,0.00,0.00,5.5,25,10.0,0,100,0,0,0,0,0,0,0,0,0,0,-1,-1,-1,0,-1,-1,-1,-1
2015-05-24,17:17:47.610,-,0,0.00,0.00,0.00,0.00,2000-00-00,00:00:00,1006.9533-,4401.7455-,000.00,200, 0.00, 340.00, 0.00,100.0,-30,0,12000,75,0.0,4.10,4.20,4.30,4.40,4.50,4.60,0.00,0.00,0.00,0.00,0.00,0.00,5.5,25,10.0,0,100,0,0,0,0,0,0,0,0,0,0,-1,-1,-1,0,-1,-1,-1,-1
2015-05-24,17:17:47.810,-,0,0.00,0.00,0.00,0.00,2000-00-00,00:00:00,1006.9533-,4401.7455-,000.00,200, 0.00, 340.00, 0.00,100.0,-30,0,12000,75,0.0,4.10,4.20,4.30,4.40,4.50,4.60,0.00,0.00,0.00,0.00,0.00,0.00,5.5,25,10.0,0,100,0,0,0,0,0,0,0,0,0,0,-1,-1,-1,-1,-1,-1,-1,-1
2015-05-24,17:17:48.010,-,0,0.00,0.00,0.00,0.00,2000-00-00,00:00:00,1006.9533-,4401.7455-,000.00,200, 0.00, 340.00, 0.00,100.0,-30,0,12000,75,0.0,4.10,4.20,4.30,4.40,4.50,4.60,0.00,0.00,0.00,0.00,0.00,0.00,5.5,25,10.0,0,100,0,0,0,0,0,0,0,0,0,0,-1,-1,-1,-1,-1,-1,-1,-1
2015-05-24,17:17:48.210,-,0,0.00,0.00,0.00,0.00,2000-00-00,00:00:00,1006.9533-,4401.7455-,000.00,200, 0.00, 340.00, 0.00,100.0,-30,0,12000,75,0.0,4.10,4.20,4.30,4.40,4.50,4.60,0.00,0.00,0.00,0.00,0.00,0.00,5.5,26,10.0,0,100,0,0,0,0,0,0,0,0,0,0,-1,-1,-1,-1,-1,-1,-1,-1
2015-05-24,17:17:48.410,-,0,0.00,0.00,0.00,0.00,2000-00-00,00:00:00,1006.9533-,4401.7455-,000.00,200, 0.00, 340.00, 0.00,100.0,-30,0,12000,75,0.0,4.10,4.20,4.30,4.40,4.50,4.60,0.00,0.00,0.00,0.00,0.00,0.00,5.5,26,10.0,0,100,0,0,0,0,0,0,0,0,0,0,-1,-1,-1,-1,-1,-1,-1,-1
2015-05-24,17:17:48.610,-,0,0.00,0.00,0.00,0.00,2000-00-00,00:00:00,1006.9533-,4401.7455-,000.00,200, 0.00, 340.00, 0.00,100.0,-30,0,12000,75,0.0,4.10,4.20,4.30,4.40,4.50,4.60,0.00,0.00,0.00,0.00,0.00,0.00,5.5,26,10.0,0,100,0,0,0,0,0,0,0,0,0,0,-1,-1,-1,-1,-1,-1,-1,-1
2015-05-24,17:17:48.810,-,0,0.00,0.00,0.00,0.00,2000-00-00,00:00:00,1006.9533-,4401.7455-,000.00,200, 0.00, 340.00, 0.00,100.0,-30,0,12000,75,0.0,4.10,4.20,4.30,4.40,4.50,4.60,0.00,0.00,0.00,0.00,0.00,0.00,5.5,27,10.0,0,100,0,0,-18,0,1024,0,0,0,0,0,-1,-1,-1,-1,-1,-1,-1,-1
2015-05-24,17:17:49.010,-,0,0.00,0.00,0.00,0.00,2000-00-00,00:00:00,1006.9533-,4401.7455-,000.00,200, 0.00, 340.00, 0.00,100.0,-30,0,12000,75,0.0,4.10,4.20,4.30,4.40,4.50,4.60,0.00,0.00,0.00,0.00,0.00,0.00,5.5,27,10.0,0,100,0,0,-101,0,1024,0,0,0,0,0,-1,-1,-1,-1,-1,-1,-1,-1
2015-05-24,17:17:49.210,-,0,0.00,0.00,0.00,0.00,2000-00-00,00:00:00,1006.9533-,4401.7455-,000.00,200, 0.00, 340.00, 0.00,100.0,-30,0,12000,75,0.0,4.10,4.20,4.30,4.40,4.50,4.60,0.00,0.00,0.00,0.00,0.00,0.00,5.5,27,10.0,0,100,0,0,-101,0,1024,0,0,0,0,0,-1,-1,-1,-1,-1,-1,-1,-1
2015-05-24,17:17:49.410,-,0,0.00,0.00,0.00,0.00,2000-00-00,00:00:00,1006.9533-,4401.7455-,000.00,200, 0.00, 340.00, 0.00,100.0,-30,0,12000,75,0.0,4.10,4.20,4.30,4.40,4.50,4.60,0.00,0.00,0.00,0.00,0.00,0.00,5.5,28,10.0,0,100,0,0,-55,0,491,0,0,0,0,0,-1,-1,-1,-1,-1,-1,-1,-1
2015-05-24,17:17:49.610,-,0,0.00,0.00,0.00,0.00,2000-00-00,00:00:00,1006.9533-,4401.7455-,000.00,200, 0.00, 340.00, 0.00,100.0,-30,0,12000,75,0.0,4.10,4.20,4.30,4.40,4.50,4.60,0.00,0.00,0.00,0.00,0.00,0.00,5.5,28,10.0,0,100,0,0,-36,0,20,0,0,0,0,0,-1,-1,-1,-1,-1,-1,-1,-1
2015-05-24,17:17:49.810,-,0,0.00,0.00,0.00,0.00,2000-00-00,00:00:00,1006.9533-,4401.7455-,000.00,200, 0.00, 340.00, 0.00,100.0,-30,0,12000,75,0.0,4.10,4.20,4.30,4.40,4.50,4.60,0.00,0.00,0.00,0.00,0.00,0.00,5.5,28,10.0,0,100,0,0,-36,0,20,0,0,0,0,0,-1,-1,-1,-1,-1,-1,-1,-1
2015-05-24,17:17:50.010,-,0,0.00,0.00,0.00,0.00,2000-00-00,00:00:00,1006.9533-,4401.7455-,000.00,200, 0.00, 340.00, 0.00,100.0,-30,0,12000,75,0.0,4.10,4.20,4.30,4.40,4.50,4.60,0.00,0.00,0.00,0.00,0.00,0.00,5.5,29,10.0,0,100,0,0,0,0,0,0,0,0,0,0,-1,-1,-1,-1,-1,-1,-1,-1
2015-05-24,17:17:50.210,-,0,0.00,0.00,0.00,0.00,2000-00-00,00:00:00,1006.9533-,4401.7455-,000.00,200, 0.00, 340.00, 0.00,100.0,-30,0,12000,75,0.0,4.10,4.20,4.30,4.40,4.50,4.60,0.00,0.00,0.00,0.00,0.00,0.00,5.5,29,10.0,0,100,0,0,0,0,0,0,0,0,0,0,-1,-1,-1,-1,-1,-1,-1,-1
2015-05-24,17:17:50.410,-,0,0.00,0.00,0.00,0.00,2000-00-00,00:00:00,1006.9533-,4401.7455-,000.00,200, 0.00, 340.00, 0.00,100.0,-30,0,12000,75,0.0,4.10,4.20,4.30,4.40,4.50,4.60,0.00,0.00,0.00,0.00,0.00,0.00,5.5,29,10.0,0,100,0,0,0,0,0,0,0,0,0,0,-1,-1,-1,-1,-1,-1,-1,-1
2015-05-24,17:17:50.610,-,0,0.00,0.00,0.00,0.00,2000-00-00,00:00:00,1006.9533-,4401.7455-,000.00,200, 0.00, 340.00, 0.00,100.0,-30,0,12000,75,0.0,4.10,4.20,4.30,4.40,4.50,4.60,0.00,0.00,0.00,0.00,0.00,0.00,5.5,29,10.0,0,100,0,0,0,0,0,0,0,0,0,0,-1,-1,-1,-1,-1,-1,-1,-1
2015-05-24,17:17:50.810,-,0,0.00,0.00,0.00,0.00,2000-00-00,00:00:00,1006.9533-,4401.7455-,000.00,200, 0.00, 340.00, 0.00,100.0,-30,0,12000,75,0.0,4.10,4.20,4.30,4.40,4.50,4.60,0.00,0.00,0.00,0.00,0.00,0.00,5.5,30,10.0,0,100,0,0,0,0,0,0,0,0,0,0,-1,-1,-1,-1,-1,-1,-1,-1
2015-05-24,17:17:51.010,-,0,0.00,0.00,0.00,0.00,2000-00-00,00:00:00,1006.9533-,4401.7455-,000.00,200, 0.00, 340.00, 0.00,100.0,-30,0,12000,75,0.0,4.10,4.20,4.30,4.40,4.50,4.60,0.00,0.00,0.00,0.00,0.00,0.00,5.5,30,10.0,0,100,0,0,0,0,0,0,0,0,0,0,-1,-1,-1,1,-1,-1,-1,-1
2015-05-24,17:17:51.210,-,0,0.00,0.00,0.00,0.00,2000-00-00,00:00:00,1006.9533-,4401.7455-,000.00,200, 0.00, 340.00, 0.00,100.0,-30,0,12000,75,0.0,4.10,4.20,4.30,4.40,4.50,4.60,0.00,0.00,0.00,0.00,0.00,0.00,5.5,30,10.0,0,100,0,0,0,0,0,0,0,0,0,0,-1,-1,-1,1,-1,-1,-1,-1
2015-05-24,17:17:51.410,-,0,0.00,0.00,0.00,0.00,2000-00-00,00:00:00,1006.9533-,4401.7455-,000.00,200, 0.00, 340.00, 0.00,100.0,-30,0,12000,75,0.0,4.10,4.20,4.30,4.40,4.50,4.60,0.00,0.00,0.00,0.00,0.00,0.00,5.5,31,10.0,0,100,0,0,0,0,0,0,0,0,0,0,-1,-1,-1,1,-1,-1,-1,-1
2015-05-24,17:17:51.610,-,0,0.00,0.00,0.00,0.00,2000-00-00,00:00:00,1006.9533-,4401.7455-,000.00,200, 0.00, 340.00, 0.00,100.0,-30,0,12000,75,0.0,4.10,4.20,4.30,4.40,4.50,4.60,0.00,0.00,0.00,0.00,0.00,0.00,5.5,31,10.0,0,100,0,0,0,0,0,0,0,0,0,0,-1,-1,-1,1,-1,-1,-1,-1
2015-05-24,17:17:51.810,-,0,0.00,0.00,0.00,0.00,2000-00-00,00:00:00,1006.9533-,4401.7455-,000.00,200, 0.00, 340.00, 0.00,100.0,-30,0,12000,75,0.0,4.10,4.20,4.30,4.40,4.50,4.60,0.00,0.00,0.00,0.00,0.00,0.00,5.5,31,10.0,0,100,0,0,0,0,0,0,0,0,0,0,-1,-1,-1,1,-1,-1,-1,-1
2015-05-24,17:17:52.010,-,0,0.00,0.00,0.00,0.00,2000-00-00,00:00:00,1006.9533-,4401.7455-,000.00,200, 0.00, 340.00, 0.00,100.0,-30,0,12000,75,0.0,4.10,4.20,4.30,4.40,4.50,4.60,0.00,0.00,0.00,0.00,0.00,0.00,5.5,32,10.0,0,100,0,0,0,0,0,0,0,0,0,0,-1,-1,-1,1,-1,-1,-1,-1
2015-05-24,17:17:52.210,-,0,0.00,0.00,0.00,0.00,2000-00-00,00:00:00,1006.9533-,4401.7455-,000.00,200, 0.00, 340.00, 0.00,100.0,-30,0,12000,75,0.0,4.10,4.20,4.30,4.40,4.50,4.60,0.00,0.00,0.00,0.00,0.00,0.00,5.5,32,10.0,0,100,0,0,0,0,20,0,0,0,0,0,-1,-1,-1,1,-1,-1,-1,-1
2015-05-24,17:17:52.410,-,0,0.00,0.00,0.00,0.00,2000-00-00,00:00:00,1006.9533-,4401.7455-,000.00,200, 0.00, 340.00, 0.00,100.0,-30,0,12000,75,0.0,4.10,4.20,4.30,4.40,4.50,4.60,0.00,0.00,0.00,0.00,0.00,0.00,5.5,32,10.0,0,100,0,0,-91,0,1024,0,0,0,0,0,-1,-1,-1,1,-1,-1,-1,-1
2015-05-24,17:17:52.610,-,0,0.00,0.00,0.00,0.00,2000-00-00,00:00:00,1006.9533-,4401.7455-,000.00,200, 0.00, 340.00, 0.00,100.0,-30,0,12000,75,0.0,4.10,4.20,4.30,4.40,4.50,4.60,0.00,0.00,0.00,0.00,0.00,0.00,5.5,33,10.0,0,100,0,0,-110,0,1024,0,0,0,0,0,-1,-1,-1,1,-1,-1,-1,-1
2015-05-24,17:17:52.810,-,0,0.00,0.00,0.00,0.00,2000-00-00,00:00:00,1006.9533-,4401.7455-,000.00,200, 0.00, 340.00, 0.00,100.0,-30,0,12000,75,0.0,4.10,4.20,4.30,4.40,4.50,4.60,0.00,0.00,0.00,0.00,0.00,0.00,5.5,33,10.0,0,100,0,0,-110,0,1024,0,0,0,0,0,-1,-1,-1,1,-1,-1,-1,-1
2015-05-24,17:17:53.010,-,0,0.00,0.00,0.00,0.00,2000-00-00,00:00:00,1006.9533-,4401.7455-,000.00,200, 0.00, 340.00, 0.00,100.0,-30,0,12000,75,0.0,4.10,4.20,4.30,4.40,4.50,4.60,0.00,0.00,0.00,0.00,0.00,0.00,5.5,33,10.0,0,100,0,0,-101,0,604,0,0,0,0,0,-1,-1,-1,1,-1,-1,-1,-1
2015-05-24,17:17:53.210,-,0,0.00,0.00,0.00,0.00,2000-00-00,00:00:00,1006.9533-,4401.7455-,000.00,200, 0.00, 340.00, 0.00,100.0,-30,0,12000,75,0.0,4.10,4.20,4.30,4.40,4.50,4.60,0.00,0.00,0.00,0.00,0.00,0.00,5.5,33,10.0,0,100,0,0,-73,0,-143,0,0,0,0,0,-1,-1,-1,1,-1,-1,-1,-1
2015-05-24,17:17:53.410,-,0,0.00,0.00,0.00,0.00,2000-00-00,00:00:00,1006.9533-,4401.7455-,000.00,200, 0.00, 340.00, 0.00,100.0,-30,0,12000,75,0.0,4.10,4.20,4.30,4.40,4.50,4.60,0.00,0.00,0.00,0.00,0.00,0.00,5.5,34,10.0,0,100,0,0,-73,0,143,0,0,0,0,0,-1,-1,-1,1,-1,-1,-1,-1
2015-05-24,17:17:53.610,-,0,0.00,0.00,0.00,0.00,2000-00-00,00:00:00,1006.9533-,4401.7455-,000.00,200, 0.00, 340.00, 0.00,100.0,-30,0,12000,75,0.0,4.10,4.20,4.30,4.40,4.50,4.60,0.00,0.00,0.00,0.00,0.00,0.00,5.5,34,10.0,0,100,0,0,-73,0,245,0,0,0,0,0,-1,-1,-1,1,-1,-1,-1,-1
2015-05-24,17:17:53.810,-,0,0.00,0.00,0.00,0.00,2000-00-00,00:00:00,1006.9533-,4401.7455-,000.00,200, 0.00, 340.00, 0.00,100.0,-30,0,12000,75,0.0,4.10,4.20,4.30,4.40,4.50,4.60,0.00,0.00,0.00,0.00,0.00,0.00,5.5,34,10.0,0,100,0,0,-73,0,0,0,0,0,0,0,-1,-1,-1,1,-1,-1,-1,-1
2015-05-24,17:17:54.010,-,0,0.00,0.00,0.00,0.00,2000-00-00,00:00:00,1006.9533-,4401.7455-,000.00,200, 0.00, 340.00, 0.00,100.0,-30,0,12000,75,0.0,4.10,4.20,4.30,4.40,4.50,4.60,0.00,0.00,0.00,0.00,0.00,0.00,5.5,35,10.0,0,100,0,0,-73,0,0,0,0,0,0,0,-1,-1,-1,1,-1,-1,-1,-1
2015-05-24,17:17:54.210,-,0,0.00,0.00,0.00,0.00,2000-00-00,00:00:00,1006.9533-,4401.7455-,000.00,200, 0.00, 340.00, 0.00,100.0,-30,0,12000,75,0.0,4.10,4.20,4.30,4.40,4.50,4.60,0.00,0.00,0.00,0.00,0.00,0.00,5.5,35,10.0,0,100,0,0,-73,0,0,0,0,0,0,0,-1,-1,-1,1,-1,-1,-1,-1
2015-05-24,17:17:54.410,-,0,0.00,0.00,0.00,0.00,2000-00-00,00:00:00,1006.9533-,4401.7455-,000.00,200, 0.00, 340.00, 0.00,100.0,-30,0,12000,75,0.0,4.10,4.20,4.30,4.40,4.50,4.60,0.00,0.00,0.00,0.00,0.00,0.00,5.5,35,10.0,0,100,0,0,-73,0,0,0,0,0,0,0,-1,-1,-1,1,-1,-1,-1,-1
2015-05-24,17:17:54.610,-,0,0.00,0.00,0.00,0.00,2000-00-00,00:00:00,1006.9533-,4401.7455-,000.00,200, 0.00, 340.00, 0.00,100.0,-30,0,12000,75,0.0,4.10,4.20,4.30,4.40,4.50,4.60,0.00,0.00,0.00,0.00,0.00,0.00,5.5,36,10.0,0,100,0,0,-73,0,0,0,0,0,0,0,-1,-1,-1,1,-1,-1,-1,-1
2015-05-24,17:17:54.810,-,0,0.00,0.00,0.00,0.00,2000-00-00,00:00:00,1006.9533-,4401.7455-,000.00,200, 0.00, 340.00, 0.00,100.0,-30,0,12000,75,0.0,4.10,4.20,4.30,4.40,4.50,4.60,0.00,0.00,0.00,0.00,0.00,0.00,5.5,36,10.0,0,100,0,0,-64,0,0,0,0,0,0,0,-1,-1,-1,1,-1,-1,-1,-1
2015-05-24,17:17:55.010,-,0,0.00,0.00,0.00,0.00,2000-00-00,00:00:00,1006.9533-,4401.7455-,000.00,200, 0.00, 340.00, 0.00,100.0,-30,0,12000,75,0.0,4.10,4.20,4.30,4.40,4.50,4.60,0.00,0.00,0.00,0.00,0.00,0.00,5.5,36,10.0,0,100,0,0,211,0,71,0,0,0,0,0,-1,-1,-1,1,-1,-1,-1,-1
2015-05-24,17:17:55.210,-,0,0.00,0.00,0.00,0.00,2000-00-00,00:00:00,1006.9533-,4401.7455-,000.00,200, 0.00, 340.00, 0.00,100.0,-30,0,12000,75,0.0,4.10,4.20,4.30,4.40,4.50,4.60,0.00,0.00,0.00,0.00,0.00,0.00,5.5,36,10.0,0,100,0,0,652,0,81,0,0,0,0,0,-1,-1,-1,1,-1,-1,-1,-1
2015-05-24,17:17:55.410,-,0,0.00,0.00,0.00,0.00,2000-00-00,00:00:00,1006.9533-,4401.7455-,000.00,200, 0.00, 340.00, 0.00,100.0,-30,0,12000,75,0.0,4.10,4.20,4.30,4.40,4.50,4.60,0.00,0.00,0.00,0.00,0.00,0.00,5.5,37,10.0,0,100,0,0,1024,0,102,0,0,0,0,0,-1,-1,-1,1,-1,-1,-1,-1
2015-05-24,17:17:55.610,-,0,0.00,0.00,0.00,0.00,2000-00-00,00:00:00,1006.9533-,4401.7455-,000.00,200, 0.00, 340.00, 0.00,100.0,-30,0,12000,75,0.0,4.10,4.20,4.30,4.40,4.50,4.60,0.00,0.00,0.00,0.00,0.00,0.00,5.5,37,10.0,0,100,0,0,293,0,102,0,0,0,0,0,-1,-1,-1,1,-1,-1,-1,-1
2015-05-24,17:17:55.810,-,0,0.00,0.00,0.00,0.00,2000-00-00,00:00:00,1006.9533-,4401.7455-,000.00,200, 0.00, 340.00, 0.00,100.0,-30,0,12000,75,0.0,4.10,4.20,4.30,4.40,4.50,4.60,0.00,0.00,0.00,0.00,0.00,0.00,5.5,37,10.0,0,100,0,0,0,0,0,0,0,0,0,0,-1,-1,-1,1,-1,-1,-1,-1
2015-05-24,17:17:56.010,-,0,0.00,0.00,0.00,0.00,2000-00-00,00:00:00,1006.9533-,4401.7455-,000.00,200, 0.00, 340.00, 0.00,100.0,-30,0,12000,75,0.0,4.10,4.20,4.30,4.40,4.50,4.60,0.00,0.00,0.00,0.00,0.00,0.00,5.5,38,10.0,0,100,0,0,0,0,0,0,0,0,0,0,-1,-1,-1,1,-1,-1,-1,-1
2015-05-24,17:17:56.210,-,0,0.00,0.00,0.00,0.00,2000-00-00,00:00:00,1006.9533-,4401.7455-,000.00,200, 0.00, 340.00, 0.00,100.0,-30,0,12000,75,0.0,4.10,4.20,4.30,4.40,4.50,4.60,0.00,0.00,0.00,0.00,0.00,0.00,5.5,38,10.0,0,100,0,0,0,0,0,0,0,0,0,0,-1,-1,-1,1,-1,-1,-1,-1
2015-05-24,17:17:56.410,-,0,0.00,0.00,0.00,0.00,2000-00-00,00:00:00,1006.9533-,4401.7455-,000.00,200, 0.00, 340.00, 0.00,100.0,-30,0,12000,75,0.0,4.10,4.20,4.30,4.40,4.50,4.60,0.00,0.00,0.00,0.00,0.00,0.00,5.5,38,10.0,0,100,0,0,0,0,0,0,0,0,0,0,-1,-1,-1,1,-1,-1,-1,-1
2015-05-24,17:17:56.610,-,0,0.00,0.00,0.00,0.00,2000-00-00,00:00:00,1006.9533-,4401.7455-,000.00,200, 0.00, 340.00, 0.00,100.0,-30,0,12000,75,0.0,4.10,4.20,4.30,4.40,4.50,4.60,0.00,0.00,0.00,0.00,0.00,0.00,5.5,39,10.0,0,100,0,0,0,0,0,0,0,0,0,0,-1,-1,-1,1,-1,-1,-1,-1
2015-05-24,17:17:56.810,-,0,0.00,0.00,0.00,0.00,2000-00-00,00:00:00,1006.9533-,4401.7455-,000.00,200, 0.00, 340.00, 0.00,100.0,-30,0,12000,75,0.0,4.10,4.20,4.30,4.40,4.50,4.60,0.00,0.00,0.00,0.00,0.00,0.00,5.5,39,10.0,0,100,0,0,0,0,0,0,0,0,0,0,-1,-1,-1,1,-1,-1,-1,-1
2015-05-24,17:17:57.010,-,0,0.00,0.00,0.00,0.00,2000-00-00,00:00:00,1006.9533-,4401.7455-,000.00,200, 0.00, 340.00, 0.00,100.0,-30,0,12000,75,0.0,4.10,4.20,4.30,4.40,4.50,4.60,0.00,0.00,0.00,0.00,0.00,0.00,5.5,39,10.0,0,100,0,0,0,0,0,0,0,0,0,0,-1,-1,-1,1,-1,-1,-1,-1
2015-05-24,17:17:57.210,-,0,0.00,0.00,0.00,0.00,2000-00-00,00:00:00,1006.9533-,4401.7455-,000.00,200, 0.00, 340.00, 0.00,100.0,-30,0,12000,75,0.0,4.10,4.20,4.30,4.40,4.50,4.60,0.00,0.00,0.00,0.00,0.00,0.00,5.5,40,10.0,0,100,0,0,0,0,0,0,0,0,0,0,-1,-1,-1,1,-1,-1,-1,-1
2015-05-24,17:17:57.410,-,0,0.00,0.00,0.00,0.00,2000-00-00,00:00:00,1006.9533-,4401.7455-,000.00,200, 0.00, 340.00, 0.00,100.0,-30,0,12000,75,0.0,4.10,4.20,4.30,4.40,4.50,4.60,0.00,0.00,0.00,0.00,0.00,0.00,5.5,40,10.0,0,100,0,0,0,0,0,0,0,0,0,0,-1,-1,-1,1,-1,-1,-1,-1
2015-05-24,17:17:57.610,-,0,0.00,0.00,0.00,0.00,2000-00-00,00:00:00,1006.9533-,4401.7455-,000.00,200, 0.00, 340.00, 0.00,100.0,-30,0,12000,75,0.0,4.10,4.20,4.30,4.40,4.50,4.60,0.00,0.00,0.00,0.00,0.00,0.00,5.5,40,10.0,0,100,0,0,0,0,0,0,0,0,0,0,-1,-1,-1,1,-1,-1,-1,-1
2015-05-24,17:17:57.810,-,0,0.00,0.00,0.00,0.00,2000-00-00,00:00:00,1006.9533-,4401.7455-,000.00,200, 0.00, 340.00, 0.00,100.0,-30,0,12000,75,0.0,4.10,4.20,4.30,4.40,4.50,4.60,0.00,0.00,0.00,0.00,0.00,0.00,5.5,40,10.0,0,100,0,0,0,0,0,0,0,0,0,0,-1,-1,-1,1,-1,-1,-1,-1
2015-05-24,17:17:58.010,-,0,0.00,0.00,0.00,0.00,2000-00-00,00:00:00,1006.9533-,4401.7455-,000.00,200, 0.00, 340.00, 0.00,100.0,-30,0,12000,75,0.0,4.10,4.20,4.30,4.40,4.50,4.60,0.00,0.00,0.00,0.00,0.00,0.00,5.5,41,10.0,0,100,0,0,0,0,0,0,0,0,0,0,-1,-1,-1,1,-1,-1,-1,-1
2015-05-24,17:17:58.210,-,0,0.00,0.00,0.00,0.00,2000-00-00,00:00:00,1006.9533-,4401.7455-,000.00,200, 0.00, 340.00, 0.00,100.0,-30,0,12000,75,0.0,4.10,4.20,4.30,4.40,4.50,4.60,0.00,0.00,0.00,0.00,0.00,0.00,5.5,41,10.0,0,100,0,0,0,0,0,0,0,0,0,0,-1,-1,-1,1,-1,-1,-1,-1
2015-05-24,17:17:58.410,-,0,0.00,0.00,0.00,0.00,2000-00-00,00:00:00,1006.9533-,4401.7455-,000.00,200, 0.00, 340.00, 0.00,100.0,-30,0,12000,75,0.0,4.10,4.20,4.30,4.40,4.50,4.60,0.00,0.00,0.00,0.00,0.00,0.00,5.5,41,10.0,0,100,0,0,0,0,0,0,0,0,0,0,-1,-1,-1,1,-1,-1,-1,-1
2015-05-24,17:17:58.610,-,0,0.00,0.00,0.00,0.00,2000-00-00,00:00:00,1006.9533-,4401.7455-,000.00,200, 0.00, 340.00, 0.00,100.0,-30,0,12000,75,0.0,4.10,4.20,4.30,4.40,4.50,4.60,0.00,0.00,0.00,0.00,0.00,0.00,5.5,42,10.0,0,100,0,0,0,0,0,0,0,0,0,0,-1,-1,-1,1,-1,-1,-1,-1
2015-05-24,17:17:58.810,-,0,0.00,0.00,0.00,0.00,2000-00-00,00:00:00,1006.9533-,4401.7455-,000.00,200, 0.00, 340.00, 0.00,100.0,-30,0,12000,75,0.0,4.10,4.20,4.30,4.40,4.50,4.60,0.00,0.00,0.00,0.00,0.00,0.00,5.5,42,10.0,0,100,0,0,0,0,0,0,0,0,0,0,-1,-1,-1,1,-1,-1,-1,-1
2015-05-24,17:17:59.010,-,0,0.00,0.00,0.00,0.00,2000-00-00,00:00:00,1006.9533-,4401.7455-,000.00,200, 0.00, 340.00, 0.00,100.0,-30,0,12000,75,0.0,4.10,4.20,4.30,4.40,4.50,4.60,0.00,0.00,0.00,0.00,0.00,0.00,5.5,42,10.0,0,100,0,0,0,0,0,0,0,0,0,0,-1,-1,-1,1,-1,-1,-1,-1
2015-05-24,17:17:59.210,-,0,0.00,0.00,0.00,0.00,2000-00-00,00:00:00,1006.9533-,4401.7455-,000.00,200, 0.00, 340.00, 0.00,100.0,-30,0,12000,75,0.0,4.10,4.20,4.30,4.40,4.50,4.60,0.00,0.00,0.00,0.00,0.00,0.00,5.5,43,10.0,0,100,0,0,0,0,0,0,0,0,0,0,-1,-1,-1,1,-1,-1,-1,-1
2015-05-24,17:17:59.410,-,0,0.00,0.00,0.00,0.00,2000-00-00,00:00:00,1006.9533-,4401.7455-,000.00,200, 0.00, 340.00, 0.00,100.0,-30,0,12000,75,0.0,4.10,4.20,4.30,4.40,4.50,4.60,0.00,0.00,0.00,0.00,0.00,0.00,5.5,43,10.0,0,100,0,0,0,0,0,0,0,0,0,0,-1,-1,-1,1,-1,-1,-1,-1
2015-05-24,17:17:59.610,-,0,0.00,0.00,0.00,0.00,2000-00-00,00:00:00,1006.9533-,4401.7455-,000.00,200, 0.00, 340.00, 0.00,100.0,-30,0,12000,75,0.0,4.10,4.20,4.30,4.40,4.50,4.60,0.00,0.00,0.00,0.00,0.00,0.00,5.5,43,10.0,0,100,0,0,0,0,0,0,0,0,0,0,-1,-1,-1,1,-1,-1,-1,-1
2015-05-24,17:17:59.810,-,0,0.00,0.00,0.00,0.00,2000-00-00,00:00:00,1006.9533-,4401.7455-,000.00,200, 0.00, 340.00, 0.00,100.0,-30,0,12000,75,0.0,4.10,4.20,4.30,4.40,4.50,4.60,0.00,0.00,0.00,0.00,0.00,0.00,5.5,44,10.0,0,100,0,0,0,0,0,0,0,0,0,0,-1,-1,-1,1,-1,-1,-1,-1
2015-05-24,17:18:00.010,-,0,0.00,0.00,0.00,0.00,2000-00-00,00:00:00,1006.9533-,4401.7455-,000.00,200, 0.00, 340.00, 0.00,100.0,-30,0,12000,75,0.0,4.10,4.20,4.30,4.40,4.50,4.60,0.00,0.00,0.00,0.00,0.00,0.00,5.5,44,10.0,0,100,0,0,0,0,0,0,0,0,0,0,-1,-1,-1,1,-1,-1,-1,-1
2015-05-24,17:18:00.210,-,0,0.00,0.00,0.00,0.00,2000-00-00,00:00:00,1006.9533-,4401.7455-,000.00,200, 0.00, 340.00, 0.00,100.0,-30,0,12000,75,0.0,4.10,4.20,4.30,4.40,4.50,4.60,0.00,0.00,0.00,0.00,0.00,0.00,5.5,44,10.0,0,100,0,0,0,0,0,0,0,0,0,0,-1,-1,-1,1,-1,-1,-1,-1
2015-05-24,17:18:00.410,-,0,0.00,0.00,0.00,0.00,2000-00-00,00:00:00,1006.9533-,4401.7455-,000.00,200, 0.00, 340.00, 0.00,100.0,-30,0,12000,75,0.0,4.10,4.20,4.30,4.40,4.50,4.60,0.00,0.00,0.00,0.00,0.00,0.00,5.5,44,10.0,0,100,0,0,0,0,0,0,0,0,0,0,-1,-1,-1,1,-1,-1,-1,-1
2015-05-24,17:18:00.610,-,0,0.00,0.00,0.00,0.00,2000-00-00,00:00:00,1006.9533-,4401.7455-,000.00,200, 0.00, 340.00, 0.00,100.0,-30,0,12000,75,0.0,4.10,4.20,4.30,4.40,4.50,4.60,0.00,0.00,0.00,0.00,0.00,0.00,5.5,45,10.0,0,100,0,0,0,0,0,0,0,0,0,0,-1,-1,-1,1,-1,-1,-1,-1
2015-05-24,17:18:00.810,-,0,0.00,0.00,0.00,0.00,2000-00-00,00:00:00,1006.9533-,4401.7455-,000.00,200, 0.00, 340.00, 0.00,100.0,-30,0,12000,75,0.0,4.10,4.20,4.30,4.40,4.50,4.60,0.00,0.00,0.00,0.00,0.00,0.00,5.5,45,10.0,0,100,0,0,0,0,0,0,0,0,0,0,-1,-1,-1,1,-1,-1,-1,-1
2015-05-24,17:18:01.010,-,0,0.00,0.00,0.00,0.00,2000-00-00,00:00:00,1006.9533-,4401.7455-,000.00,200, 0.00, 340.00, 0.00,100.0,-30,0,12000,75,0.0,4.10,4.20,4.30,4.40,4.50,4.60,0.00,0.00,0.00,0.00,0.00,0.00,5.5,45,10.0,0,100,0,0,0,0,0,0,0,0,0,0,-1,-1,-1,1,-1,-1,-1,-1
2015-05-24,17:18:01.210,-,0,0.00,0.00,0.00,0.00,2000-00-00,00:00:00,1006.9533-,4401.7455-,000.00,200, 0.00, 340.00, 0.00,100.0,-30,0,12000,75,0.0,4.10,4.20,4.30,4.40,4.50,4.60,0.00,0.00,0.00,0.00,0.00,0.00,5.5,46,10.0,0,100,0,0,0,0,0,0,0,0,0,0,-1,-1,-1,1,-1,-1,-1,-1
2015-05-24,17:18:01.410,-,0,0.00,0.00,0.00,0.00,2000-00-00,00:00:00,1006.9533-,4401.7455-,000.00,200, 0.00, 340.00, 0.00,100.0,-30,0,12000,75,0.0,4.10,4.20,4.30,4.40,4.50,4.60,0.00,0.00,0.00,0.00,0.00,0.00,5.5,46,10.0,0,100,0,0,0,0,0,0,0,0,0,0,-1,-1,-1,1,-1,-1,-1,-1
2015-05-24,17:18:01.610,-,0,0.00,0.00,0.00,0.00,2000-00-00,00:00:00,1006.9533-,4401.7455-,000.00,200, 0.00, 340.00, 0.00,100.0,-30,0,12000,75,0.0,4.10,4.20,4.30,4.40,4.50,4.60,0.00,0.00,0.00,0.00,0.00,0.00,5.5,46,10.0,0,100,0,0,0,0,0,0,0,0,0,0,-1,-1,-1,1,-1,-1,-1,-1
2015-05-24,17:18:01.810,-,0,0.00,0.00,0.00,0.00,2000-00-00,00:00:00,1006.9533-,4401.7455-,000.00,200, 0.00, 340.00, 0.00,100.0,-30,0,12000,75,0.0,4.10,4.20,4.30,4.40,4.50,4.60,0.00,0.00,0.00,0.00,0.00,0.00,5.5,47,10.0,0,100,0,0,0,0,0,0,0,0,0,0,-1,-1,-1,1,-1,-1,-1,-1
2015-05-24,17:18:02.010,-,0,0.00,0.00,0.00,0.00,2000-00-00,00:00:00,1006.9533-,4401.7455-,000.00,200, 0.00, 340.00, 0.00,100.0,-30,0,12000,75,0.0,4.10,4.20,4.30,4.40,4.50,4.60,0.00,0.00,0.00,0.00,0.00,0.00,5.5,47,10.0,0,100,0,0,0,0,0,0,0,0,0,0,-1,-1,-1,1,-1,-1,-1,-1
2015-05-24,17:18:02.210,-,0,0.00,0.00,0.00,0.00,2000-00-00,00:00:00,1006.9533-,4401.7455-,000.00,200, 0.00, 340.00, 0.00,100.0,-30,0,12000,75,0.0,4.10,4.20,4.30,4.40,4.50,4.60,0.00,0.00,0.00,0.00,0.00,0.00,5.5,47,10.0,0,100,0,0,0,0,0,0,0,0,0,0,-1,-1,-1,1,-1,-1,-1,-1
2015-05-24,17:18:02.410,-,0,0.00,0.00,0.00,0.00,2000-00-00,00:00:00,1006.9533-,4401.7455-,000.00,200, 0.00, 340.00, 0.00,100.0,-30,0,12000,75,0.0,4.10,4.20,4.30,4.40,4.50,4.60,0.00,0.00,0.00,0.00,0.00,0.00,5.5,47,10.0,0,100,0,0,0,0,0,0,0,0,0,0,-1,-1,-1,0,-1,-1,-1,-1
2015-05-24,17:18:02.610,-,0,0.00,0.00,0.00,0.00,2000-00-00,00:00:00,1006.9533-,4401.7455-,000.00,200, 0.00, 340.00, 0.00,100.0,-30,0,12000,75,0.0,4.10,4.20,4.30,4.40,4.50,4.60,0.00,0.00,0.00,0.00,0.00,0.00,5.5,48,10.0,0,100,0,0,0,0,0,0,0,0,0,0,-1,-1,-1,0,-1,-1,-1,-1
2015-05-24,17:18:02.810,-,0,0.00,0.00,0.00,0.00,2000-00-00,00:00:00,1006.9533-,4401.7455-,000.00,200, 0.00, 340.00, 0.00,100.0,-30,0,12000,75,0.0,4.10,4.20,4.30,4.40,4.50,4.60,0.00,0.00,0.00,0.00,0.00,0.00,5.5,48,10.0,0,100,0,0,0,0,0,0,0,0,0,0,-1,-1,-1,0,-1,-1,-1,-1
2015-05-24,17:18:03.010,-,0,0.00,0.00,0.00,0.00,2000-00-00,00:00:00,1006.9533-,4401.7455-,000.00,200, 0.00, 340.00, 0.00,100.0,-30,0,12000,75,0.0,4.10,4.20,4.30,4.40,4.50,4.60,0.00,0.00,0.00,0.00,0.00,0.00,5.5,48,10.0,0,100,0,0,0,0,0,0,0,0,0,0,-1,-1,-1,0,-1,-1,-1,-1
2015-05-24,17:18:03.210,-,0,0.00,0.00,0.00,0.00,2000-00-00,00:00:00,1006.9533-,4401.7455-,000.00,200, 0.00, 340.00, 0.00,100.0,-30,0,12000,75,0.0,4.10,4.20,4.30,4.40,4.50,4.60,0.00,0.00,0.00,0.00,0.00,0.00,5.5,49,10.0,0,100,0,0,0,0,0,0,0,0,0,0,-1,-1,-1,0,-1,-1,-1,-1
2015-05-24,17:18:03.410,-,0,0.00,0.00,0.00,0.00,2000-00-00,00:00:00,1006.9533-,4401.7455-,000.00,200, 0.00, 340.00, 0.00,100.0,-30,0,12000,75,0.0,4.10,4.20,4.30,4.40,4.50,4.60,0.00,0.00,0.00,0.00,0.00,0.00,5.5,49,10.0,0,100,0,0,0,0,0,0,0,0,0,0,-1,-1,-1,0,-1,-1,-1,-1
2015-05-24,17:18:03.610,-,0,0.00,0.00,0.00,0.00,2000-00-00,00:00:00,1006.9533-,4401.7455-,000.00,200, 0.00, 340.00, 0.00,100.0,-30,0,12000,75,0.0,4.10,4.20,4.30,4.40,4.50,4.60,0.00,0.00,0.00,0.00,0.00,0.00,5.5,49,10.0,0,100,0,0,0,0,0,0,0,0,0,0,-1,-1,-1,0,-1,-1,-1,-1
2015-05-24,17:18:03.810,-,0,0.00,0.00,0.00,0.00,2000-00-00,00:00:00,1006.9533-,4401.7455-,000.00,200, 0.00, 340.00, 0.00,100.0,-30,0,12000,75,0.0,4.10,4.20,4.30,4.40,4.50,4.60,0.00,0.00,0.00,0.00,0.00,0.00,5.5,50,10.0,0,100,0,0,0,0,0,0,0,0,0,0,-1,-1,-1,0,-1,-1,-1,-1
2015-05-24,17:18:04.010,-,0,0.00,0.00,0.00,0.00,2000-00-00,00:00:00,1006.9533-,4401.7455-,000.00,200, 0.00, 340.00, 0.00,100.0,-30,0,12000,75,0.0,4.10,4.20,4.30,4.40,4.50,4.60,0.00,0.00,0.00,0.00,0.00,0.00,5.5,50,10.0,0,100,0,0,0,0,0,0,0,0,0,0,-1,-1,-1,0,-1,-1,-1,-1
2015-05-24,17:18:04.210,-,0,0.00,0.00,0.00,0.00,2000-00-00,00:00:00,1006.9533-,4401.7455-,000.00,200, 0.00, 340.00, 0.00,100.0,-30,0,12000,75,0.0,4.10,4.20,4.30,4.40,4.50,4.60,0.00,0.00,0.00,0.00,0.00,0.00,5.5,50,10.0,0,100,0,0,0,0,0,0,0,0,0,0,-1,-1,-1,0,-1,-1,-1,-1
2015-05-24,17:18:04.410,-,0,0.00,0.00,0.00,0.00,2000-00-00,00:00:00,1006.9533-,4401.7455-,000.00,200, 0.00, 340.00, 0.00,100.0,-30,0,12000,75,0.0,4.10,4.20,4.30,4.40,4.50,4.60,0.00,0.00,0.00,0.00,0.00,0.00,5.5,51,10.0,0,100,0,0,0,0,0,0,0,0,0,0,-1,-1,-1,0,-1,-1,-1,-1
2015-05-24,17:18:04.610,-,0,0.00,0.00,0.00,0.00,2000-00-00,00:00:00,1006.9533-,4401.7455-,000.00,200, 0.00, 340.00, 0.00,100.0,-30,0,12000,75,0.0,4.10,4.20,4.30,4.40,4.50,4.60,0.00,0.00,0.00,0.00,0.00,0.00,5.5,51,10.0,0,100,0,0,0,0,0,0,0,0,0,0,-1,-1,-1,0,-1,-1,-1,-1
2015-05-24,17:18:04.810,-,0,0.00,0.00,0.00,0.00,2000-00-00,00:00:00,1006.9533-,4401.7455-,000.00,200, 0.00, 340.00, 0.00,100.0,-30,0,12000,75,0.0,4.10,4.20,4.30,4.40,4.50,4.60,0.00,0.00,0.00,0.00,0.00,0.00,5.5,51,10.0,0,100,0,0,0,0,0,0,0,0,0,0,-1,-1,-1,-1,-1,-1,-1,-1
2015-05-24,17:18:05.010,-,0,0.00,0.00,0.00,0.00,2000-00-00,00:00:00,1006.9533-,4401.7455-,000.00,200, 0.00, 340.00, 0.00,100.0,-30,0,12000,75,0.0,4.10,4.20,4.30,4.40,4.50,4.60,0.00,0.00,0.00,0.00,0.00,0.00,5.5,51,10.0,0,100,0,0,0,0,0,0,0,0,0,0,-1,-1,-1,-1,-1,-1,-1,-1
2015-05-24,17:18:05.210,-,0,0.00,0.00,0.00,0.00,2000-00-00,00:00:00,1006.9533-,4401.7455-,000.00,200, 0.00, 340.00, 0.00,100.0,-30,0,12000,75,0.0,4.10,4.20,4.30,4.40,4.50,4.60,0.00,0.00,0.00,0.00,0.00,0.00,5.5,52,10.0,0,100,0,0,0,0,0,0,0,0,0,0,-1,-1,-1,-1,-1,-1,-1,-1
2015-05-24,17:18:05.410,-,0,0.00,0.00,0.00,0.00,2000-00-00,00:00:00,1006.9533-,4401.7455-,000.00,200, 0.00, 340.00, 0.00,100.0,-30,0,12000,75,0.0,4.10,4.20,4.30,4.40,4.50,4.60,0.00,0.00,0.00,0.00,0.00,0.00,5.5,52,10.0,0,100,0,0,0,0,0,0,0,0,0,0,-1,-1,-1,-1,-1,-1,-1,-1
2015-05-24,17:18:05.610,-,0,0.00,0.00,0.00,0.00,2000-00-00,00:00:00,1006.9533-,4401.7455-,000.00,200, 0.00, 340.00, 0.00,100.0,-30,0,12000,75,0.0,4.10,4.20,4.30,4.40,4.50,4.60,0.00,0.00,0.00,0.00,0.00,0.00,5.5,52,10.0,0,100,0,0,0,0,0,0,0,0,0,0,-1,-1,-1,0,-1,-1,-1,-1
2015-05-24,17:18:05.810,-,0,0.00,0.00,0.00,0.00,2000-00-00,00:00:00,1006.9533-,4401.7455-,000.00,200, 0.00, 340.00, 0.00,100.0,-30,0,12000,75,0.0,4.10,4.20,4.30,4.40,4.50,4.60,0.00,0.00,0.00,0.00,0.00,0.00,5.5,53,10.0,0,100,0,0,0,0,0,0,0,0,0,0,-1,-1,-1,0,-1,-1,-1,-1
2015-05-24,17:18:06.010,-,0,0.00,0.00,0.00,0.00,2000-00-00,00:00:00,1006.9533-,4401.7455-,000.00,200, 0.00, 340.00, 0.00,100.0,-30,0,12000,75,0.0,4.10,4.20,4.30,4.40,4.50,4.60,0.00,0.00,0.00,0.00,0.00,0.00,5.5,53,10.0,0,100,0,0,0,0,0,0,0,0,0,0,-1,-1,-1,0,-1,-1,-1,-1
2015-05-24,17:18:06.210,-,0,0.00,0.00,0.00,0.00,2000-00-00,00:00:00,1006.9533-,4401.7455-,000.00,200, 0.00, 340.00, 0.00,100.0,-30,0,12000,75,0.0,4.10,4.20,4.30,4.40,4.50,4.60,0.00,0.00,0.00,0.00,0.00,0.00,5.5,53,10.0,0,100,0,0,0,0,0,0,0,0,0,0,-1,-1,-1,0,-1,-1,-1,-1
2015-05-24,17:18:06.410,-,0,0.00,0.00,0.00,0.00,2000-00-00,00:00:00,1006.9533-,4401.7455-,000.00,200, 0.00, 340.00, 0.00,100.0,-30,0,12000,75,0.0,4.10,4.20,4.30,4.40,4.50,4.60,0.00,0.00,0.00,0.00,0.00,0.00,5.5,54,10.0,0,100,0,0,0,0,0,0,0,0,0,0,-1,-1,-1,0,-1,-1,-1,-1
2015-05-24,17:18:06.610,-,0,0.00,0.00,0.00,0.00,2000-00-00,00:00:00,1006.9533-,4401.7455-,000.00,200, 0.00, 340.00, 0.00,100.0,-30,0,12000,75,0.0,4.10,4.20,4.30,4.40,4.50,4.60,0.00,0.00,0.00,0.00,0.00,0.00,5.5,54,10.0,0,100,0,0,0,0,0,0,0,0,0,0,-1,-1,-1,1,-1,-1,-1,-1
2015-05-24,17:18:06.810,-,0,0.00,0.00,0.00,0.00,2000-00-00,00:00:00,1006.9533-,4401.7455-,000.00,200, 0.00, 340.00, 0.00,100.0,-30,0,12000,75,0.0,4.10,4.20,4.30,4.40,4.50,4.60,0.00,0.00,0.00,0.00,0.00,0.00,5.5,54,10.0,0,100,0,0,0,0,0,0,0,0,0,0,-1,-1,-1,1,-1,-1,-1,-1
2015-05-24,17:18:07.010,-,0,0.00,0.00,0.00,0.00,2000-00-00,00:00:00,1006.9533-,4401.7455-,000.00,200, 0.00, 340.00, 0.00,100.0,-30,0,12000,75,0.0,4.10,4.20,4.30,4.40,4.50,4.60,0.00,0.00,0.00,0.00,0.00,0.00,5.5,55,10.0,0,100,0,0,0,0,0,0,0,0,0,0,-1,-1,-1,1,-1,-1,-1,-1
2015-05-24,17:18:07.210,-,0,0.00,0.00,0.00,0.00,2000-00-00,00:00:00,1006.9533-,4401.7455-,000.00,200, 0.00, 340.00, 0.00,100.0,-30,0,12000,75,0.0,4.10,4.20,4.30,4.40,4.50,4.60,0.00,0.00,0.00,0.00,0.00,0.00,5.5,55,10.0,0,100,0,0,0,0,0,0,0,0,0,0,-1,-1,-1,1,-1,-1,-1,-1
2015-05-24,17:18:07.410,-,0,0.00,0.00,0.00,0.00,2000-00-00,00:00:00,1006.9533-,4401.7455-,000.00,200, 0.00, 340.00, 0.00,100.0,-30,0,12000,75,0.0,4.10,4.20,4.30,4.40,4.50,4.60,0.00,0.00,0.00,0.00,0.00,0.00,5.5,55,10.0,0,100,0,0,0,0,0,0,0,0,0,0,-1,-1,-1,1,-1,-1,-1,-1
2015-05-24,17:18:07.610,-,0,0.00,0.00,0.00,0.00,2000-00-00,00:00:00,1006.9533-,4401.7455-,000.00,200, 0.00, 340.00, 0.00,100.0,-30,0,12000,75,0.0,4.10,4.20,4.30,4.40,4.50,4.60,0.00,0.00,0.00,0.00,0.00,0.00,5.5,55,10.0,0,100,0,0,0,0,0,0,0,0,0,0,-1,-1,-1,1,-1,-1,-1,-1
2015-05-24,17:18:07.810,-,0,0.00,0.00,0.00,0.00,2000-00-00,00:00:00,1006.9533-,4401.7455-,000.00,200, 0.00, 340.00, 0.00,100.0,-30,0,12000,75,0.0,4.10,4.20,4.30,4.40,4.50,4.60,0.00,0.00,0.00,0.00,0.00,0.00,5.5,56,10.0,0,100,0,0,0,0,0,0,0,0,0,0,-1,-1,-1,1,-1,-1,-1,-1
2015-05-24,17:18:08.010,-,0,0.00,0.00,0.00,0.00,2000-00-00,00:00:00,1006.9533-,4401.7455-,000.00,200, 0.00, 340.00, 0.00,100.0,-30,0,12000,75,0.0,4.10,4.20,4.30,4.40,4.50,4.60,0.00,0.00,0.00,0.00,0.00,0.00,5.5,56,10.0,0,100,0,0,0,0,0,0,0,0,0,0,-1,-1,-1,1,-1,-1,-1,-1
2015-05-24,17:18:08.210,-,0,0.00,0.00,0.00,0.00,2000-00-00,00:00:00,1006.9533-,4401.7455-,000.00,200, 0.00, 340.00, 0.00,100.0,-30,0,12000,75,0.0,4.10,4.20,4.30,4.40,4.50,4.60,0.00,0.00,0.00,0.00,0.00,0.00,5.5,56,10.0,0,100,0,0,0,0,0,0,0,0,0,0,-1,-1,-1,1,-1,-1,-1,-1
2015-05-24,17:18:08.410,-,0,0.00,0.00,0.00,0.00,2000-00-00,00:00:00,1006.9533-,4401.7455-,000.00,200, 0.00, 340.00, 0.00,100.0,-30,0,12000,75,0.0,4.10,4.20,4.30,4.40,4.50,4.60,0.00,0.00,0.00,0.00,0.00,0.00,5.5,57,10.0,0,100,0,0,0,0,0,0,0,0,0,0,-1,-1,-1,1,-1,-1,-1,-1
2015-05-24,17:18:08.610,-,0,0.00,0.00,0.00,0.00,2000-00-00,00:00:00,1006.9533-,4401.7455-,000.00,200, 0.00, 340.00, 0.00,100.0,-30,0,12000,75,0.0,4.10,4.20,4.30,4.40,4.50,4.60,0.00,0.00,0.00,0.00,0.00,0.00,5.5,57,10.0,0,100,0,0,0,0,0,0,0,0,0,0,-1,-1,-1,0,-1,-1,-1,-1
2015-05-24,17:18:08.810,-,0,0.00,0.00,0.00,0.00,2000-00-00,00:00:00,1006.9533-,4401.7455-,000.00,200, 0.00, 340.00, 0.00,100.0,-30,0,12000,75,0.0,4.10,4.20,4.30,4.40,4.50,4.60,0.00,0.00,0.00,0.00,0.00,0.00,5.5,57,10.0,0,100,0,0,0,0,0,0,0,0,0,0,-1,-1,-1,0,-1,-1,-1,-1
2015-05-24,17:18:09.010,-,0,0.00,0.00,0.00,0.00,2000-00-00,00:00:00,1006.9533-,4401.7455-,000.00,200, 0.00, 340.00, 0.00,100.0,-30,0,12000,75,0.0,4.10,4.20,4.30,4.40,4.50,4.60,0.00,0.00,0.00,0.00,0.00,0.00,5.5,58,10.0,0,100,0,0,0,0,0,0,0,0,0,0,-1,-1,-1,0,-1,-1,-1,-1
2015-05-24,17:18:09.210,-,0,0.00,0.00,0.00,0.00,2000-00-00,00:00:00,1006.9533-,4401.7455-,000.00,200, 0.00, 340.00, 0.00,100.0,-30,0,12000,75,0.0,4.10,4.20,4.30,4.40,4.50,4.60,0.00,0.00,0.00,0.00,0.00,0.00,5.5,58,10.0,0,100,0,0,0,0,0,0,0,0,0,0,-1,-1,-1,-1,-1,-1,-1,-1
2015-05-24,17:18:09.410,-,0,0.00,0.00,0.00,0.00,2000-00-00,00:00:00,1006.9533-,4401.7455-,000.00,200, 0.00, 340.00, 0.00,100.0,-30,0,12000,75,0.0,4.10,4.20,4.30,4.40,4.50,4.60,0.00,0.00,0.00,0.00,0.00,0.00,5.5,58,10.0,0,100,0,0,0,0,0,0,0,0,0,0,-1,-1,-1,-1,-1,-1,-1,-1
2015-05-24,17:18:09.610,-,0,0.00,0.00,0.00,0.00,2000-00-00,00:00:00,1006.9533-,4401.7455-,000.00,200, 0.00, 340.00, 0.00,100.0,-30,0,12000,75,0.0,4.10,4.20,4.30,4.40,4.50,4.60,0.00,0.00,0.00,0.00,0.00,0.00,5.5,58,10.0,0,100,0,0,0,0,0,0,0,0,0,0,-1,-1,-1,-1,-1,-1,-1,-1
2015-05-24,17:18:09.810,-,0,0.00,0.00,0.00,0.00,2000-00-00,00:00:00,1006.9533-,4401.7455-,000.00,200, 0.00, 340.00, 0.00,100.0,-30,0,12000,75,0.0,4.10,4.20,4.30,4.40,4.50,4.60,0.00,0.00,0.00,0.00,0.00,0.00,5.5,59,10.0,0,100,0,0,0,0,0,0,0,0,0,0,-1,-1,-1,-1,-1,-1,-1,-1
2015-05-24,17:18:10.010,-,0,0.00,0.00,0.00,0.00,2000-00-00,00:00:00,1006.9533-,4401.7455-,000.00,200, 0.00, 340.00, 0.00,100.0,-30,0,12000,75,0.0,4.10,4.20,4.30,4.40,4.50,4.60,0.00,0.00,0.00,0.00,0.00,0.00,5.5,59,10.0,0,100,0,0,0,0,0,0,0,0,0,0,-1,-1,-1,0,-1,-1,-1,-1
2015-05-24,17:18:10.210,-,0,0.00,0.00,0.00,0.00,2000-00-00,00:00:00,1006.9533-,4401.7455-,000.00,200, 0.00, 340.00, 0.00,100.0,-30,0,12000,75,0.0,4.10,4.20,4.30,4.40,4.50,4.60,0.00,0.00,0.00,0.00,0.00,0.00,5.5,59,10.0,0,100,0,0,0,0,0,0,0,0,0,0,-1,-1,-1,0,-1,-1,-1,-1
2015-05-24,17:18:10.410,-,0,0.00,0.00,0.00,0.00,2000-00-00,00:00:00,1006.9533-,4401.7455-,000.00,200, 0.00, 340.00, 0.00,100.0,-30,0,12000,75,0.0,4.10,4.20,4.30,4.40,4.50,4.60,0.00,0.00,0.00,0.00,0.00,0.00,5.5,60,10.0,0,100,0,0,0,0,0,0,0,0,0,0,-1,-1,-1,0,-1,-1,-1,-1
2015-05-24,17:18:10.610,-,0,0.00,0.00,0.00,0.00,2000-00-00,00:00:00,1006.9533-,4401.7455-,000.00,200, 0.00, 340.00, 0.00,100.0,-30,0,12000,75,0.0,4.10,4.20,4.30,4.40,4.50,4.60,0.00,0.00,0.00,0.00,0.00,0.00,5.5,60,10.0,0,100,0,0,0,0,0,0,0,0,0,0,-1,-1,-1,1,-1,-1,-1,-1
2015-05-24,17:18:10.810,-,0,0.00,0.00,0.00,0.00,2000-00-00,00:00:00,1006.9533-,4401.7455-,000.00,200, 0.00, 340.00, 0.00,100.0,-30,0,12000,75,0.0,4.10,4.20,4.30,4.40,4.50,4.60,0.00,0.00,0.00,0.00,0.00,0.00,5.5,60,10.0,0,100,0,0,0,0,0,0,0,0,0,0,-1,-1,-1,1,-1,-1,-1,-1
2015-05-24,17:18:11.010,-,0,0.00,0.00,0.00,0.00,2000-00-00,00:00:00,1006.9533-,4401.7455-,000.00,200, 0.00, 340.00, 0.00,100.0,-30,0,12000,75,0.0,4.10,4.20,4.30,4.40,4.50,4.60,0.00,0.00,0.00,0.00,0.00,0.00,5.5,61,10.0,0,100,0,0,0,0,0,0,0,0,0,0,-1,-1,-1,1,-1,-1,-1,-1
2015-05-24,17:18:11.210,-,0,0.00,0.00,0.00,0.00,2000-00-00,00:00:00,1006.9533-,4401.7455-,000.00,200, 0.00, 340.00, 0.00,100.0,-30,0,12000,75,0.0,4.10,4.20,4.30,4.40,4.50,4.60,0.00,0.00,0.00,0.00,0.00,0.00,5.5,61,10.0,0,100,0,0,0,0,0,0,0,0,0,0,-1,-1,-1,1,-1,-1,-1,-1
2015-05-24,17:18:11.410,-,0,0.00,0.00,0.00,0.00,2000-00-00,00:00:00,1006.9533-,4401.7455-,000.00,200, 0.00, 340.00, 0.00,100.0,-30,0,12000,75,0.0,4.10,4.20,4.30,4.40,4.50,4.60,0.00,0.00,0.00,0.00,0.00,0.00,5.5,61,10.0,0,100,0,0,0,0,0,0,0,0,0,0,-1,-1,-1,-1,-1,-1,-1,-1
2015-05-24,17:18:11.610,-,0,0.00,0.00,0.00,0.00,2000-00-00,00:00:00,1006.9533-,4401.7455-,000.00,200, 0.00, 340.00, 0.00,100.0,-30,0,12000,75,0.0,4.10,4.20,4.30,4.40,4.50,4.60,0.00,0.00,0.00,0.00,0.00,0.00,5.5,62,10.0,0,100,0,0,0,0,0,0,0,0,0,0,-1,-1,-1,-1,-1,-1,-1,-1
2015-05-24,17:18:11.810,-,0,0.00,0.00,0.00,0.00,2000-00-00,00:00:00,1006.9533-,4401.7455-,000.00,200, 0.00, 340.00, 0.00,100.0,-30,0,12000,75,0.0,4.10,4.20,4.30,4.40,4.50,4.60,0.00,0.00,0.00,0.00,0.00,0.00,5.5,62,10.0,0,100,0,0,0,0,0,0,0,0,0,0,-1,-1,-1,-1,-1,-1,-1,-1
2015-05-24,17:18:12.010,-,0,0.00,0.00,0.00,0.00,2000-00-00,00:00:00,1006.9533-,4401.7455-,000.00,200, 0.00, 340.00, 0.00,100.0,-30,0,12000,75,0.0,4.10,4.20,4.30,4.40,4.50,4.60,0.00,0.00,0.00,0.00,0.00,0.00,5.5,62,10.0,0,100,0,0,0,0,0,0,0,0,0,0,-1,-1,-1,-1,-1,-1,-1,-1
2015-05-24,17:18:12.210,-,0,0.00,0.00,0.00,0.00,2000-00-00,00:00:00,1006.9533-,4401.7455-,000.00,200, 0.00, 340.00, 0.00,100.0,-30,0,12000,75,0.0,4.10,4.20,4.30,4.40,4.50,4.60,0.00,0.00,0.00,0.00,0.00,0.00,5.5,62,10.0,0,100,0,0,0,0,0,0,0,0,0,0,-1,-1,-1,-1,-1,-1,-1,-1
2015-05-24,17:18:12.410,-,0,0.00,0.00,0.00,0.00,2000-00-00,00:00:00,1006.9533-,4401.7455-,000.00,200, 0.00, 340.00, 0.00,100.0,-30,0,12000,75,0.0,4.10,4.20,4.30,4.40,4.50,4.60,0.00,0.00,0.00,0.00,0.00,0.00,5.5,63,10.0,0,100,0,0,0,0,0,0,0,0,0,0,-1,-1,-1,-1,-1,-1,-1,-1
2015-05-24,17:18:12.610,-,0,0.00,0.00,0.00,0.00,2000-00-00,00:00:00,1006.9533-,4401.7455-,000.00,200, 0.00, 340.00, 0.00,100.0,-30,0,12000,75,0.0,4.10,4.20,4.30,4.40,4.50,4.60,0.00,0.00,0.00,0.00,0.00,0.00,5.5,63,10.0,0,100,0,0,0,0,0,0,0,0,0,0,-1,-1,-1,-1,-1,-1,-1,-1
2015-05-24,17:18:12.810,-,0,0.00,0.00,0.00,0.00,2000-00-00,00:00:00,1006.9533-,4401.7455-,000.00,200, 0.00, 340.00, 0.00,100.0,-30,0,12000,75,0.0,4.10,4.20,4.30,4.40,4.50,4.60,0.00,0.00,0.00,0.00,0.00,0.00,5.5,63,10.0,0,100,0,0,0,0,0,0,0,0,0,0,-1,-1,-1,-1,-1,-1,-1,-1
2015-05-24,17:18:13.010,-,0,0.00,0.00,0.00,0.00,2000-00-00,00:00:00,1006.9533-,4401.7455-,000.00,200, 0.00, 340.00, 0.00,100.0,-30,0,12000,75,0.0,4.10,4.20,4.30,4.40,4.50,4.60,0.00,0.00,0.00,0.00,0.00,0.00,5.5,64,10.0,0,100,0,0,0,0,0,0,0,0,0,0,-1,-1,-1,-1,-1,-1,-1,1
2015-05-24,17:18:13.210,-,0,0.00,0.00,0.00,0.00,2000-00-00,00:00:00,1006.9533-,4401.7455-,000.00,200, 0.00, 340.00, 0.00,100.0,-30,0,12000,75,0.0,4.10,4.20,4.30,4.40,4.50,4.60,0.00,0.00,0.00,0.00,0.00,0.00,5.5,64,10.0,0,100,0,0,0,0,0,0,0,0,0,0,-1,-1,-1,-1,-1,-1,-1,1
2015-05-24,17:18:13.410,-,0,0.00,0.00,0.00,0.00,2000-00-00,00:00:00,1006.9533-,4401.7455-,000.00,200, 0.00, 340.00, 0.00,100.0,-30,0,12000,75,0.0,4.10,4.20,4.30,4.40,4.50,4.60,0.00,0.00,0.00,0.00,0.00,0.00,5.5,64,10.0,0,100,0,0,0,0,0,0,0,0,0,0,-1,-1,-1,-1,-1,-1,-1,1
2015-05-24,17:18:13.610,-,0,0.00,0.00,0.00,0.00,2000-00-00,00:00:00,1006.9533-,4401.7455-,000.00,200, 0.00, 340.00, 0.00,100.0,-30,0,12000,75,0.0,4.10,4.20,4.30,4.40,4.50,4.60,0.00,0.00,0.00,0.00,0.00,0.00,5.5,65,10.0,0,100,0,0,0,0,0,0,0,0,0,0,-1,-1,-1,-1,-1,-1,-1,1
2015-05-24,17:18:13.810,-,0,0.00,0.00,0.00,0.00,2000-00-00,00:00:00,1006.9533-,4401.7455-,000.00,200, 0.00, 340.00, 0.00,100.0,-30,0,12000,75,0.0,4.10,4.20,4.30,4.40,4.50,4.60,0.00,0.00,0.00,0.00,0.00,0.00,5.5,65,10.0,0,100,0,0,0,0,0,0,0,0,0,0,-1,-1,-1,-1,-1,-1,-1,-1
2015-05-24,17:18:14.010,-,0,0.00,0.00,0.00,0.00,2000-00-00,00:00:00,1006.9533-,4401.7455-,000.00,200, 0.00, 340.00, 0.00,100.0,-30,0,12000,75,0.0,4.10,4.20,4.30,4.40,4.50,4.60,0.00,0.00,0.00,0.00,0.00,0.00,5.5,65,10.0,0,100,0,0,0,0,0,0,0,0,0,0,-1,-1,-1,-1,-1,-1,-1,-1
2015-05-24,17:18:14.210,-,0,0.00,0.00,0.00,0.00,2000-00-00,00:00:00,1006.9533-,4401.7455-,000.00,200, 0.00, 340.00, 0.00,100.0,-30,0,12000,75,0.0,4.10,4.20,4.30,4.40,4.50,4.60,0.00,0.00,0.00,0.00,0.00,0.00,5.5,66,10.0,0,100,0,0,0,0,0,0,0,0,0,0,-1,-1,-1,-1,-1,-1,-1,-1
2015-05-24,17:18:14.410,-,0,0.00,0.00,0.00,0.00,2000-00-00,00:00:00,1006.9533-,4401.7455-,000.00,200, 0.00, 340.00, 0.00,100.0,-30,0,12000,75,0.0,4.10,4.20,4.30,4.40,4.50,4.60,0.00,0.00,0.00,0.00,0.00,0.00,5.5,66,10.0,0,100,0,0,0,0,0,0,0,0,0,0,-1,-1,-1,-1,-1,-1,-1,-1
2015-05-24,17:18:14.610,-,0,0.00,0.00,0.00,0.00,2000-00-00,00:00:00,1006.9533-,4401.7455-,000.00,200, 0.00, 340.00, 0.00,100.0,-30,0,12000,75,0.0,4.10,4.20,4.30,4.40,4.50,4.60,0.00,0.00,0.00,0.00,0.00,0.00,5.5,66,10.0,0,100,0,0,0,0,0,0,0,0,0,0,-1,-1,-1,-1,-1,-1,-1,-1
2015-05-24,17:18:14.810,-,0,0.00,0.00,0.00,0.00,2000-00-00,00:00:00,1006.9533-,4401.7455-,000.00,200, 0.00, 340.00, 0.00,100.0,-30,0,12000,75,0.0,4.10,4.20,4.30,4.40,4.50,4.60,0.00,0.00,0.00,0.00,0.00,0.00,5.5,66,10.0,0,100,0,0,0,0,0,0,0,0,0,0,-1,-1,-1,-1,-1,-1,-1,-1
2015-05-24,17:18:15.010,-,0,0.00,0.00,0.00,0.00,2000-00-00,00:00:00,1006.9533-,4401.7455-,000.00,200, 0.00, 340.00, 0.00,100.0,-30,0,12000,75,0.0,4.10,4.20,4.30,4.40,4.50,4.60,0.00,0.00,0.00,0.00,0.00,0.00,5.5,67,10.0,0,100,0,0,0,0,0,0,0,0,0,0,-1,-1,-1,-1,-1,-1,-1,-1
2015-05-24,17:18:15.210,-,0,0.00,0.00,0.00,0.00,2000-00-00,00:00:00,1006.9533-,4401.7455-,000.00,200, 0.00, 340.00, 0.00,100.0,-30,0,12000,75,0.0,4.10,4.20,4.30,4.40,4.50,4.60,0.00,0.00,0.00,0.00,0.00,0.00,5.5,67,10.0,0,100,0,0,0,0,0,0,0,0,0,0,-1,-1,-1,-1,-1,-1,-1,-1
2015-05-24,17:18:15.410,-,0,0.00,0.00,0.00,0.00,2000-00-00,00:00:00,1006.9533-,4401.7455-,000.00,200, 0.00, 340.00, 0.00,100.0,-30,0,12000,75,0.0,4.10,4.20,4.30,4.40,4.50,4.60,0.00,0.00,0.00,0.00,0.00,0.00,5.5,67,10.0,0,100,0,0,0,0,0,0,0,0,0,0,-1,-1,-1,0,-1,-1,-1,-1
2015-05-24,17:18:15.610,-,0,0.00,0.00,0.00,0.00,2000-00-00,00:00:00,1006.9533-,4401.7455-,000.00,200, 0.00, 340.00, 0.00,100.0,-30,0,12000,75,0.0,4.10,4.20,4.30,4.40,4.50,4.60,0.00,0.00,0.00,0.00,0.00,0.00,5.5,68,10.0,0,100,0,0,0,0,0,0,0,0,0,0,-1,-1,-1,1,-1,-1,-1,-1
2015-05-24,17:18:15.810,-,0,0.00,0.00,0.00,0.00,2000-00-00,00:00:00,1006.9533-,4401.7455-,000.00,200, 0.00, 340.00, 0.00,100.0,-30,0,12000,75,0.0,4.10,4.20,4.30,4.40,4.50,4.60,0.00,0.00,0.00,0.00,0.00,0.00,5.5,68,10.0,0,100,0,0,0,0,0,0,0,0,0,0,-1,-1,-1,1,-1,-1,-1,-1
2015-05-24,17:18:16.010,-,0,0.00,0.00,0.00,0.00,2000-00-00,00:00:00,1006.9533-,4401.7455-,000.00,200, 0.00, 340.00, 0.00,100.0,-30,0,12000,75,0.0,4.10,4.20,4.30,4.40,4.50,4.60,0.00,0.00,0.00,0.00,0.00,0.00,5.5,68,10.0,0,100,0,0,0,0,0,0,0,0,0,0,-1,-1,-1,1,-1,-1,-1,-1
2015-05-24,17:18:16.210,-,0,0.00,0.00,0.00,0.00,2000-00-00,00:00:00,1006.9533-,4401.7455-,000.00,200, 0.00, 340.00, 0.00,100.0,-30,0,12000,75,0.0,4.10,4.20,4.30,4.40,4.50,4.60,0.00,0.00,0.00,0.00,0.00,0.00,5.5,69,10.0,0,100,0,0,0,0,0,0,0,0,0,0,-1,-1,-1,1,-1,-1,-1,-1
2015-05-24,17:18:16.410,-,0,0.00,0.00,0.00,0.00,2000-00-00,00:00:00,1006.9533-,4401.7455-,000.00,200, 0.00, 340.00, 0.00,100.0,-30,0,12000,75,0.0,4.10,4.20,4.30,4.40,4.50,4.60,0.00,0.00,0.00,0.00,0.00,0.00,5.5,69,10.0,0,100,0,0,0,0,0,0,0,0,0,0,-1,-1,-1,1,-1,-1,-1,-1
2015-05-24,17:18:16.610,-,0,0.00,0.00,0.00,0.00,2000-00-00,00:00:00,1006.9533-,4401.7455-,000.00,200, 0.00, 340.00, 0.00,100.0,-30,0,12000,75,0.0,4.10,4.20,4.30,4.40,4.50,4.60,0.00,0.00,0.00,0.00,0.00,0.00,5.5,69,10.0,0,100,0,0,0,0,0,0,0,0,0,0,-1,-1,-1,1,-1,-1,-1,-1
2015-05-24,17:18:16.810,-,0,0.00,0.00,0.00,0.00,2000-00-00,00:00:00,1006.9533-,4401.7455-,000.00,200, 0.00, 340.00, 0.00,100.0,-30,0,12000,75,0.0,4.10,4.20,4.30,4.40,4.50,4.60,0.00,0.00,0.00,0.00,0.00,0.00,5.5,69,10.0,0,100,0,0,0,0,0,0,0,0,0,0,-1,-1,-1,1,-1,-1,-1,-1
2015-05-24,17:18:17.010,-,0,0.00,0.00,0.00,0.00,2000-00-00,00:00:00,1006.9533-,4401.7455-,000.00,200, 0.00, 340.00, 0.00,100.0,-30,0,12000,75,0.0,4.10,4.20,4.30,4.40,4.50,4.60,0.00,0.00,0.00,0.00,0.00,0.00,5.5,70,10.0,0,100,0,0,0,0,0,0,0,0,0,0,-1,-1,-1,1,-1,-1,-1,1
2015-05-24,17:18:17.210,-,0,0.00,0.00,0.00,0.00,2000-00-00,00:00:00,1006.9533-,4401.7455-,000.00,200, 0.00, 340.00, 0.00,100.0,-30,0,12000,75,0.0,4.10,4.20,4.30,4.40,4.50,4.60,0.00,0.00,0.00,0.00,0.00,0.00,5.5,70,10.0,0,100,0,0,0,0,0,0,0,0,0,0,-1,-1,-1,1,-1,-1,-1,1
2015-05-24,17:18:17.410,-,0,0.00,0.00,0.00,0.00,2000-00-00,00:00:00,1006.9533-,4401.7455-,000.00,200, 0.00, 340.00, 0.00,100.0,-30,0,12000,75,0.0,4.10,4.20,4.30,4.40,4.50,4.60,0.00,0.00,0.00,0.00,0.00,0.00,5.5,70,10.0,0,100,0,0,0,0,0,0,0,0,0,0,-1,-1,-1,1,-1,-1,-1,-1
2015-05-24,17:18:17.610,-,0,0.00,0.00,0.00,0.00,2000-00-00,00:00:00,1006.9533-,4401.7455-,000.00,200, 0.00, 340.00, 0.00,100.0,-30,0,12000,75,0.0,4.10,4.20,4.30,4.40,4.50,4.60,0.00,0.00,0.00,0.00,0.00,0.00,5.5,71,10.0,0,100,0,0,0,0,0,0,0,0,0,0,-1,-1,-1,1,-1,-1,-1,-1
2015-05-24,17:18:17.810,-,0,0.00,0.00,0.00,0.00,2000-00-00,00:00:00,1006.9533-,4401.7455-,000.00,200, 0.00, 340.00, 0.00,100.0,-30,0,12000,75,0.0,4.10,4.20,4.30,4.40,4.50,4.60,0.00,0.00,0.00,0.00,0.00,0.00,5.5,71,10.0,0,100,0,0,0,0,0,0,0,0,0,0,-1,-1,-1,1,-1,-1,-1,-1
2015-05-24,17:18:18.010,-,0,0.00,0.00,0.00,0.00,2000-00-00,00:00:00,1006.9533-,4401.7455-,000.00,200, 0.00, 340.00, 0.00,100.0,-30,0,12000,75,0.0,4.10,4.20,4.30,4.40,4.50,4.60,0.00,0.00,0.00,0.00,0.00,0.00,5.5,71,10.0,0,100,0,0,0,0,0,0,0,0,0,0,-1,-1,-1,1,-1,-1,-1,1
2015-05-24,17:18:18.210,-,0,0.00,0.00,0.00,0.00,2000-00-00,00:00:00,1006.9533-,4401.7455-,000.00,200, 0.00, 340.00, 0.00,100.0,-30,0,12000,75,0.0,4.10,4.20,4.30,4.40,4.50,4.60,0.00,0.00,0.00,0.00,0.00,0.00,5.5,72,10.0,0,100,0,0,0,0,0,0,0,0,0,0,-1,-1,-1,1,-1,-1,-1,-1
2015-05-24,17:18:18.410,-,0,0.00,0.00,0.00,0.00,2000-00-00,00:00:00,1006.9533-,4401.7455-,000.00,200, 0.00, 340.00, 0.00,100.0,-30,0,12000,75,0.0,4.10,4.20,4.30,4.40,4.50,4.60,0.00,0.00,0.00,0.00,0.00,0.00,5.5,72,10.0,0,100,0,0,0,0,0,0,0,0,0,0,-1,-1,-1,1,-1,-1,-1,-1
2015-05-24,17:18:18.610,-,0,0.00,0.00,0.00,0.00,2000-00-00,00:00:00,1006.9533-,4401.7455-,000.00,200, 0.00, 340.00, 0.00,100.0,-30,0,12000,75,0.0,4.10,4.20,4.30,4.40,4.50,4.60,0.00,0.00,0.00,0.00,0.00,0.00,5.5,72,10.0,0,100,0,0,0,0,0,0,0,0,0,0,-1,-1,-1,1,-1,-1,-1,-1
2015-05-24,17:18:18.810,-,0,0.00,0.00,0.00,0.00,2000-00-00,00:00:00,1006.9533-,4401.7455-,000.00,200, 0.00, 340.00, 0.00,100.0,-30,0,12000,75,0.0,4.10,4.20,4.30,4.40,4.50,4.60,0.00,0.00,0.00,0.00,0.00,0.00,5.5,73,10.0,0,100,0,0,0,0,0,0,0,0,0,0,-1,-1,-1,1,-1,-1,-1,-1
2015-05-24,17:18:19.010,-,0,0.00,0.00,0.00,0.00,2000-00-00,00:00:00,1006.9533-,4401.7455-,000.00,200, 0.00, 340.00, 0.00,100.0,-30,0,12000,75,0.0,4.10,4.20,4.30,4.40,4.50,4.60,0.00,0.00,0.00,0.00,0.00,0.00,5.5,73,10.0,0,100,0,0,0,0,0,0,0,0,0,0,-1,-1,-1,1,-1,-1,-1,-1
2015-05-24,17:18:19.210,-,0,0.00,0.00,0.00,0.00,2000-00-00,00:00:00,1006.9533-,4401.7455-,000.00,200, 0.00, 340.00, 0.00,100.0,-30,0,12000,75,0.0,4.10,4.20,4.30,4.40,4.50,4.60,0.00,0.00,0.00,0.00,0.00,0.00,5.5,73,10.0,0,100,0,0,0,0,0,0,0,0,0,0,-1,-1,-1,1,-1,-1,-1,-1
2015-05-24,17:18:19.410,-,0,0.00,0.00,0.00,0.00,2000-00-00,00:00:00,1006.9533-,4401.7455-,000.00,200, 0.00, 340.00, 0.00,100.0,-30,0,12000,75,0.0,4.10,4.20,4.30,4.40,4.50,4.60,0.00,0.00,0.00,0.00,0.00,0.00,5.5,73,10.0,0,100,0,0,0,0,0,0,0,0,0,0,-1,-1,-1,1,-1,-1,-1,-1
2015-05-24,17:18:19.610,-,0,0.00,0.00,0.00,0.00,2000-00-00,00:00:00,1006.9533-,4401.7455-,000.00,200, 0.00, 340.00, 0.00,100.0,-30,0,12000,75,0.0,4.10,4.20,4.30,4.40,4.50,4.60,0.00,0.00,0.00,0.00,0.00,0.00,5.5,74,10.0,0,100,0,0,0,0,0,0,0,0,0,0,-1,-1,-1,1,-1,-1,-1,-1
2015-05-24,17:18:19.810,-,0,0.00,0.00,0.00,0.00,2000-00-00,00:00:00,1006.9533-,4401.7455-,000.00,200, 0.00, 340.00, 0.00,100.0,-30,0,12000,75,0.0,4.10,4.20,4.30,4.40,4.50,4.60,0.00,0.00,0.00,0.00,0.00,0.00,5.5,74,10.0,0,100,0,0,0,0,0,0,0,0,0,0,-1,-1,-1,1,-1,-1,-1,-1
2015-05-24,17:18:20.010,-,0,0.00,0.00,0.00,0.00,2000-00-00,00:00:00,1006.9533-,4401.7455-,000.00,200, 0.00, 340.00, 0.00,100.0,-30,0,12000,75,0.0,4.10,4.20,4.30,4.40,4.50,4.60,0.00,0.00,0.00,0.00,0.00,0.00,5.5,74,10.0,0,100,0,0,0,0,0,0,0,0,0,0,-1,-1,-1,1,-1,-1,-1,-1
2015-05-24,17:18:20.210,-,0,0.00,0.00,0.00,0.00,2000-00-00,00:00:00,1006.9533-,4401.7455-,000.00,200, 0.00, 340.00, 0.00,100.0,-30,0,12000,75,0.0,4.10,4.20,4.30,4.40,4.50,4.60,0.00,0.00,0.00,0.00,0.00,0.00,5.5,75,10.0,0,100,0,0,0,0,0,0,0,0,0,0,-1,-1,-1,1,-1,-1,-1,-1
2015-05-24,17:18:20.410,-,0,0.00,0.00,0.00,0.00,2000-00-00,00:00:00,1006.9533-,4401.7455-,000.00,200, 0.00, 340.00, 0.00,100.0,-30,0,12000,75,0.0,4.10,4.20,4.30,4.40,4.50,4.60,0.00,0.00,0.00,0.00,0.00,0.00,5.5,75,10.0,0,100,0,0,0,0,0,0,0,0,0,0,-1,-1,-1,1,-1,-1,-1,-1
2015-05-24,17:18:20.610,-,0,0.00,0.00,0.00,0.00,2000-00-00,00:00:00,1006.9533-,4401.7455-,000.00,200, 0.00, 340.00, 0.00,100.0,-30,0,12000,75,0.0,4.10,4.20,4.30,4.40,4.50,4.60,0.00,0.00,0.00,0.00,0.00,0.00,5.5,75,10.0,0,100,0,0,0,0,0,0,0,0,0,0,-1,-1,-1,1,-1,-1,-1,-1
2015-05-24,17:18:20.810,-,0,0.00,0.00,0.00,0.00,2000-00-00,00:00:00,1006.9533-,4401.7455-,000.00,200, 0.00, 340.00, 0.00,100.0,-30,0,12000,75,0.0,4.10,4.20,4.30,4.40,4.50,4.60,0.00,0.00,0.00,0.00,0.00,0.00,5.5,76,10.0,0,100,0,0,0,0,0,0,0,0,0,0,-1,-1,-1,1,-1,-1,-1,-1
2015-05-24,17:18:21.010,-,0,0.00,0.00,0.00,0.00,2000-00-00,00:00:00,1006.9533-,4401.7455-,000.00,200, 0.00, 340.00, 0.00,100.0,-30,0,12000,75,0.0,4.10,4.20,4.30,4.40,4.50,4.60,0.00,0.00,0.00,0.00,0.00,0.00,5.5,76,10.0,0,100,0,0,0,0,0,0,0,0,0,0,-1,-1,-1,1,-1,-1,-1,-1
2015-05-24,17:18:21.210,-,0,0.00,0.00,0.00,0.00,2000-00-00,00:00:00,1006.9533-,4401.7455-,000.00,200, 0.00, 340.00, 0.00,100.0,-30,0,12000,75,0.0,4.10,4.20,4.30,4.40,4.50,4.60,0.00,0.00,0.00,0.00,0.00,0.00,5.5,76,10.0,0,100,0,0,0,0,0,0,0,0,0,0,-1,-1,-1,1,-1,-1,-1,-1
2015-05-24,17:18:21.410,-,0,0.00,0.00,0.00,0.00,2000-00-00,00:00:00,1006.9533-,4401.7455-,000.00,200, 0.00, 340.00, 0.00,100.0,-30,0,12000,75,0.0,4.10,4.20,4.30,4.40,4.50,4.60,0.00,0.00,0.00,0.00,0.00,0.00,5.5,77,10.0,0,100,0,0,0,0,0,0,0,0,0,0,-1,-1,-1,1,-1,-1,-1,-1
2015-05-24,17:18:21.610,-,0,0.00,0.00,0.00,0.00,2000-00-00,00:00:00,1006.9533-,4401.7455-,000.00,200, 0.00, 340.00, 0.00,100.0,-30,0,12000,75,0.0,4.10,4.20,4.30,4.40,4.50,4.60,0.00,0.00,0.00,0.00,0.00,0.00,5.5,77,10.0,0,100,0,0,0,0,0,0,0,0,0,0,-1,-1,-1,1,-1,-1,-1,-1
2015-05-24,17:18:21.810,-,0,0.00,0.00,0.00,0.00,2000-00-00,00:00:00,1006.9533-,4401.7455-,000.00,200, 0.00, 340.00, 0.00,100.0,-30,0,12000,75,0.0,4.10,4.20,4.30,4.40,4.50,4.60,0.00,0.00,0.00,0.00,0.00,0.00,5.5,77,10.0,0,100,0,0,0,0,0,0,0,0,0,0,-1,-1,-1,1,-1,-1,-1,-1
2015-05-24,17:18:22.010,-,0,0.00,0.00,0.00,0.00,2000-00-00,00:00:00,1006.9533-,4401.7455-,000.00,200, 0.00, 340.00, 0.00,100.0,-30,0,12000,75,0.0,4.10,4.20,4.30,4.40,4.50,4.60,0.00,0.00,0.00,0.00,0.00,0.00,5.5,77,10.0,0,100,0,0,0,0,0,0,0,0,0,0,-1,-1,-1,1,-1,-1,-1,-1
2015-05-24,17:18:22.210,-,0,0.00,0.00,0.00,0.00,2000-00-00,00:00:00,1006.9533-,4401.7455-,000.00,200, 0.00, 340.00, 0.00,100.0,-30,0,12000,75,0.0,4.10,4.20,4.30,4.40,4.50,4.60,0.00,0.00,0.00,0.00,0.00,0.00,5.5,78,10.0,0,100,0,0,0,0,0,0,0,0,0,0,-1,-1,-1,1,-1,-1,-1,-1
2015-05-24,17:18:22.410,-,0,0.00,0.00,0.00,0.00,2000-00-00,00:00:00,1006.9533-,4401.7455-,000.00,200, 0.00, 340.00, 0.00,100.0,-30,0,12000,75,0.0,4.10,4.20,4.30,4.40,4.50,4.60,0.00,0.00,0.00,0.00,0.00,0.00,5.5,78,10.0,0,100,0,0,0,0,0,0,0,0,0,0,-1,-1,-1,1,-1,-1,-1,-1
2015-05-24,17:18:22.610,-,0,0.00,0.00,0.00,0.00,2000-00-00,00:00:00,1006.9533-,4401.7455-,000.00,200, 0.00, 340.00, 0.00,100.0,-30,0,12000,75,0.0,4.10,4.20,4.30,4.40,4.50,4.60,0.00,0.00,0.00,0.00,0.00,0.00,5.5,78,10.0,0,100,0,0,0,0,0,0,0,0,0,0,-1,-1,-1,1,-1,-1,-1,-1
2015-05-24,17:18:22.810,-,0,0.00,0.00,0.00,0.00,2000-00-00,00:00:00,1006.9533-,4401.7455-,000.00,200, 0.00, 340.00, 0.00,100.0,-30,0,12000,75,0.0,4.10,4.20,4.30,4.40,4.50,4.60,0.00,0.00,0.00,0.00,0.00,0.00,5.5,79,10.0,0,100,0,0,0,0,0,0,0,0,0,0,-1,-1,-1,1,-1,-1,-1,-1
